sugar,butter,egg,flour,milk,raising-agent,water,salt,syrup,label
175,175,156,175,0,6,0,0,0,cake
51,120,52,250,51,9,0,0,120,cake
175,125,104,300,200,0,0,0,0,cake
320,110,104,225,17,6,0,0,0,cake
100,100,104,250,0,10.5,0,1.5,0,cake
225,17,52,600,355,12,0,0,0,cake
200,120,104,200,0,9,80,3,0,cake
360,34,0,125,120,12,0,0.75,0,cake
450,200,208,200,0,0,0,0,0,cake
325,260,208,100,17,0,0,1,0,cake
70,70,104,120,34,6,0,0,0,cake
270,68,33,320,0,18,0,6,0,cake
200,100,104,200,250,17,0,0,0,cake
625,760,260,350,0,15,0,3.75,0,cake
525,120,0,300,257,15,0,1.5,0,cake
200,68,52,225,120,12,0,1.5,0,cake
200,180,156,200,0,0,0,0,0,cake
175,120,104,140,0,9,0,0,0,cake
650,277,156,375,350,9,0,9,0,cake
200,185,52,220,0,0,0,0,0,cake
700,650,210,250,340,6,125,1.5,0,cake
720,380,33,285,120,3,0,0,0,cake
160,180,156,140,1,0,0,0,0,cake
200,220,156,360,0,17,0,1,0,cake
300,175,156,100,0,3,0,3,0,cake
350,625,156,175,125,9,0,0,0,cake
175,175,156,175,0,2,0,0,0,cake
400,175,208,500,0,12,0,6,0,cake
110,110,104,110,0,0,0,0,0,cake
185,110,104,110,6,0,15,1,0,cake
75,75,104,100,0,4.5,0,0,0,cake
75,100,0,200,0,6,0,0,50,cake
335,475,208,170,170,12,0,0,0,cake
200,125,0,220,0,6,250,3,0,cake
300,240,104,375,0,12,0,4.5,0,cake
400,125,104,250,0,6,0,18.5,0,cake
250,340,208,250,0,6,17,0,0,cake
400,700,208,600,0,21,0,6,0,cake
400,0,104,300,250,15,0,3,0,cake
110,110,104,140,0,6,0,0,0,cake
150,125,52,300,125,6,0,0,0,cake
390,214,156,165,0,16.5,0,3,0,cake
600,450,312,375,0,1.5,0,1,0,cake
200,110,104,250,0,6,0,0,0,cake
255,125,156,300,125,6,0,6,0,cake
150,0,0,255,340,0,51,3,0,cake
525,225,208,275,153,12,68,0,0,cake
50,40,52,175,100,3,0,0,0,cake
125,115,104,250,6,17,0,3,0,cake
160,60,52,200,200,0,0,0,0,cake
175,175,156,175,0,0,0,0,0,cake
468,425,104,343,0,6,0,3,0,cake
150,125,104,125,34,0,0,0,0,cake
100,55,104,200,100,12,0,0,0,cake
175,125,156,75,50,0,0,0,0,cake
200,200,208,200,34,6,0,0,0,cake
150,225,312,140,0,9,0,4.5,0,cake
770,516,156,120,221,6,0,0,0,cake
425,225,0,375,0,6,7,3,0,cake
125,115,104,225,125,0,0,1,0,cake
156,156,156,156,17,6,0,1,0,cake
450,375,208,225,68,3,0,0,0,cake
200,360,52,200,0,6,0,1,0,cake
68,100,208,51,68,0,0,1,0,cake
285,51,52,350,125,6,0,0,0,cake
450,225,208,100,0,0,0,0,0,cake
100,68,52,225,68,17,0,3,0,cake
400,450,468,315,0,18,0,1,0,cake
400,250,208,400,250,15,0,0,0,cake
150,60,104,200,0,9,0,0,0,cake
250,250,208,300,110,17,180,1,0,cake
100,175,0,250,225,17,0,0,18,cake
600,500,104,600,0,24,0,0,0,cake
325,275,156,200,0,0,0,0,120,cake
250,225,156,175,0,0,0,0,0,cake
450,500,156,500,0,25,0,0,0,cake
250,250,104,275,0,0,0,3,0,cake
260,175,156,250,0,15,0,1,0,cake
200,110,52,250,0,0,0,0,0,cake
225,100,104,200,0,6,0,0,0,cake
300,240,156,370,0,7.5,0,6,0,cake
485,250,208,375,0,18,0,0,0,cake
525,250,208,250,34,18,0,6,0,cake
68,102,104,250,102,6,0,0,0,cake
100,68,52,250,175,18,0,3,0,cake
395,110,104,225,0,0,0,0,0,cake
350,235,104,250,125,6,0,3,0,cake
68,0,0,68,0,8.5,0,0,0,cake
200,200,208,225,0,0,0,0,0,cake
550,340,104,275,34,10.5,0,6,0,cake
560,151,104,560,150,12,0,0,0,cake
450,275,104,250,255,6,250,3,0,cake
153,115,104,348,125,17,0,1.5,0,cake
125,60,34,85,0,1,0,0,0,cake
345,420,104,250,240,12,0,3,400,cake
100,25,156,500,0,0,0,0,0,cake
760,361,208,125,51,0,0,0,0,cake
220,110,52,250,120,18,0,1.5,0,cake
1000,390,208,400,386,21,0,1,0,cake
300,150,36,350,0,18,0,6,0,cake
268,130,104,150,120,12,0,0,0,cake
150,150,156,225,0,6,0,0,0,cake
75,0,104,85,0,1.5,0,0,0,cake
325,325,208,220,0,18,0,0,0,cake
400,250,156,375,0,18,0,0,0,cake
150,60,52,300,300,0,0,0,0,cake
150,150,156,175,0,12,0,0,0,cake
135,136,104,200,75,4.5,0,1,0,cake
385,50,52,300,0,6,0,3,0,cake
275,51,52,330,240,12,0,3,0,cake
250,250,260,250,0,30,0,0,0,cake
115,115,52,225,200,0,0,0,0,cake
200,110,52,250,250,0,0,0,17,cake
250,250,416,250,0,12,0,0,0,cake
150,150,156,150,51,0,0,0,17,cake
225,225,208,225,0,0,0,0,0,cake
200,118,52,210,75,9,0,1.5,0,cake
265,185,156,125,0,0,0,0,0,cake
400,225,104,225,425,9,0,0,0,cake
875,465,156,375,0,6,0,6,0,cake
283,198,52,113,171,6,0,0,0,cake
125,125,104,125,0,6,0,0,0,cake
200,100,104,225,0,6,0,3,0,cake
120,0,416,120,0,0,0,2,0,cake
125,60,104,250,0,18,0,0,0,cake
430,186,52,155,0,4.5,0,1,0,cake
250,160,156,280,0,9,0,0,0,cake
300,250,156,200,0,0,0,0,0,cake
300,170,312,400,0,30,0,0,0,cake
220,100,52,125,17,3,0,0.75,0,cake
150,110,104,200,120,18,0,1,68,cake
340,340,312,225,225,12,0,1,0,cake
600,175,156,310,68,18,0,9,0,cake
200,68,0,200,0,6,250,3,0,cake
120,200,312,360,240,6,0,1,0,cake
400,200,104,125,0,0,0,0,0,cake
150,100,52,375,300,12,0,0,0,cake
175,50,104,75,0,0,0,0,0,cake
100,100,52,200,0,6,0,3,0,cake
170,170,104,170,0,15,0,0,0,cake
100,100,104,325,0,0,0,0,0,cake
200,275,208,450,0,6,0,0,0,cake
320,200,208,225,0,3,0,3,0,cake
300,235,208,270,235,23,0,6,0,cake
260,55,104,250,0,12,0,1.5,0,cake
200,50,32,90,0,0,0,0,0,cake
268,110,52,200,175,17,0,3,0,cake
675,180,208,450,160,12,0,9,0,cake
225,0,52,450,0,0,0,0,0,cake
400,225,104,285,0,6,300,0,0,cake
375,0,104,110,0,6,85,0,0,cake
220,254,156,80,0,0,0,0,0,cake
160,100,104,100,0,0,0,0,0,cake
200,220,260,140,0,6,0,0,0,cake
290,175,156,175,0,3,51,0,0,cake
225,225,208,225,0,0,0,0,0,cake
115,165,104,225,0,18,0,1.5,0,cake
400,450,53,405,0,20,0,6,0,cake
236,175,54,225,150,9,0,0,0,cake
210,110,104,250,175,23,60,3,0,cake
170,170,156,140,0,0,12,0,0,cake
350,175,156,225,0,0,0,0,0,cake
350,175,156,200,51,17,0,6,51,cake
250,250,208,250,68,0,0,0,0,cake
620,490,312,340,85,0,0,0,0,cake
350,225,156,250,0,6,0,0,0,cake
350,225,208,150,34,3,0,1.5,0,cake
225,225,208,225,0,0,0,0,6,cake
385,160,104,175,0,7.5,0,0,0,cake
300,120,0,280,0,9,350,4.5,0,cake
400,240,104,500,0,6,17,1.5,0,cake
200,175,104,300,175,12,0,0,0,cake
365,260,156,175,51,0,36,0,0,cake
375,350,208,375,0,24,0,6,0,cake
200,150,104,100,0,6,0,0,0,cake
290,290,156,200,51,7.5,0,0,0,cake
150,150,52,51,51,6,0,0,0,cake
300,200,104,400,0,9,0,3,0,cake
445,140,312,140,0,0,125,1,0,cake
225,125,104,125,0,0,0,0,0,cake
460,0,104,375,75,12,0,3,0,cake
350,255,156,175,3,0,0,0,0,cake
200,175,104,315,0,12,250,0,0,cake
310,0,52,125,0,6,0,0,450,cake
550,227,104,250,125,18,0,3,0,cake
325,150,156,290,250,15,0,6,0,cake
70,70,52,70,2,0,0,0,0,cake
290,110,104,110,0,6,100,0,0,cake
243,50,52,250,250,12,68,3,0,cake
250,250,260,450,0,0,0,0,0,cake
310,265,104,310,0,17,0,1,0,cake
180,75,156,200,400,12,0,0,0,cake
300,170,34,350,350,24,0,4.5,0,cake
85,85,104,85,0,0,0,0,0,cake
150,120,104,190,0,9,0,1.5,0,cake
200,115,208,280,0,12,0,3,0,cake
600,340,260,375,0,0,0,0,0,cake
150,117,104,250,85,15,0,3,0,cake
395,295,208,220,0,12,0,0,0,cake
400,250,156,375,0,6,125,6,0,cake
435,125,356,251,0,0,0,0,0,cake
100,0,0,125,300,0,0,0,0,cake
400,300,156,375,0,15,0,6,0,cake
150,0,312,50,0,0,0,0,0,cake
400,225,104,375,175,18,0,6,0,cake
200,150,104,250,0,6,0,0,0,cake
200,125,34,300,250,15,0,3,0,cake
300,250,208,250,0,18,0,6,0,cake
600,340,312,425,0,6,0,6,0,cake
600,225,312,375,0,1.5,0,1.5,0,cake
68,50,52,60,68,1.5,0,1,0,cake
175,175,156,175,17,0,0,0,0,cake
200,115,52,140,0,6,0,6,0,cake
200,120,156,400,0,18,0,0,0,cake
125,102,104,125,68,6,0,0,0,cake
120,150,156,150,0,6,0,12,0,cake
60,110,104,230,0,12,0,0,34,cake
300,388,156,120,0,12,0,0,0,cake
319,193,104,352,125,15,0,0,0,cake
175,293,52,175,0,9,0,6,0,cake
159.5,150,52,200,0,6,17,1,0,cake
140,140,104,225,0,0,0,0,0,cake
495,195,104,300,15,9,0,1,0,cake
325,100,52,125,17,6,0,3,0,cake
150,235,208,500,0,18,0,4.5,225,cake
68,85,34,250,100,6,0,0,0,cake
500,335,260,375,300,3,0,3,0,cake
250,100,104,100,100,12,0,1,0,cake
515,150,0,280,300,6,0,1,51,cake
250,0,52,450,0,0,0,0,0,cake
170,110,104,340,0,3,170,0,0,cake
200,110,104,310,150,18,0,6,0,cake
268,110,104,225,125,12,0,3,0,cake
725,305,76,250,250,6,0,0,0,cake
500,375,312,225,0,0,0,6,0,cake
750,250,312,140,0,17,0,0,0,cake
440,113,156,125,0,0,0,3,0,cake
100,75,52,250,250,18,0,1,0,cake
150,125,0,375,0,6,0,6,0,cake
400,360,52,250,0,12,68,0,0,cake
600,450,312,500,150,0,0,0,0,cake
65,0,156,80,0,0,0,6,0,cake
620,0,312,340,18,0,0,0,0,cake
110,110,104,110,34,0,0,0,0,cake
100,295,104,200,0,12,0,3,0,cake
150,115,156,60,0,0,0,0,0,cake
250,55,104,225,68,0,0,0,0,cake
220,110,104,150,0,6,0,3,0,cake
220,0,52,250,0,0,0,0,0,cake
50,68,0,100,0,0,0,0,34,cake
100,0,156,100,0,0,0,0,0,cake
175,0,0,300,85,0,0,0,0,cake
150,115,104,200,150,6,0,0,0,cake
180,110,52,240,150,6,0,1,110,cake
400,350,208,375,0,24,0,6,0,cake
260,255,52,150,0,9,0,0.75,0,cake
60,0,156,110,0,0,0,0,0,cake
275,142,104,190,142,0,0,0,0,cake
225,150,104,110,0,6,0,0,0,cake
150,300,104,250,0,3,0,1,0,cake
200,150,104,175,0,0,0,0,0,cake
200,150,260,250,0,12,0,1,0,cake
68,51,52,68,51,0,0,0,0,cake
425,193,104,250,0,6,0,1.5,0,cake
200,225,52,285,0,6,0,0,34,cake
300,325,104,250,0,7.5,0,4.5,0,cake
125,160,0,190,0,6,0,0,0,cake
290,110,104,150,0,10,17,0,0,cake
300,250,156,375,0,6,0,7.5,0,cake
300,250,156,225,0,9,0,1.5,0,cake
200,115,104,145,0,1.5,0,1.5,0,cake
295,205,104,155,195.5,0,0,0,0,cake
1200,755,208,440,0,9,175,0,0,cake
200,55,52,250,17,6,0,0,34,cake
700,265,260,440,0,24,0,0,0,cake
150,175,208,250,0,6,0,6,0,cake
375,310,104,250,51,0,110,0,0,cake
100,0,312,125,700,0,0,0,0,cake
380,240,260,120,0,1,240,0,0,cake
100,40,52,150,0,6,0,0,34,cake
200,110,104,250,0,12,0,3,0,cake
1500,1100,468,700,240,0,0,0,0,cake
100,100,156,300,0,21,0,0,0,cake
175,120,104,145,0,9,0,0,0,cake
225,250,260,250,0,0,0,0,0,cake
740,285,156,335,0,18,0,0,0,cake
100,170,260,68,0,0,0,0,0,cake
125,115,52,200,68,9,0,1.5,0,cake
150,34,84,300,0,6,0,0,0,cake
900,560,260,250,0,6,0,0,0,cake
700,345,104,200,120,10.5,0,1.5,0,cake
600,142,104,250,240,24,0,0.75,0,cake
735,455,156,175,85,0,0,0,0,cake
150,150,156,150,17,9,0,3,17,cake
248,200,35,60,0,0,0,0,0,cake
200,200,312,200,0,6,0,0,0,cake
65,50,52,245,175,12,0,1.5,0,cake
300,115,208,250,0,6,0,0,0,cake
125,84,156,125,34,1,0,0,0,cake
200,110,0,200,0,6,0,6,0,cake
250,200,156,150,18,0,17,0,0,cake
225,100,156,180,0,0,0,0,0,cake
400,200,104,125,0,0,0,0,0,cake
850,465,104,300,68,9,0,3,0,cake
185,120,52,60,175,17,0,3,0,cake
110,68,104,125,0,9,0,1.5,0,cake
140,6,0,280,80,6,0,0,0,cake
400,545,208,290,0,12,0,6,0,cake
200,340,52,250,0,12,0,3,0,cake
125,120,208,125,0,6,0,0,0,cake
140,0,104,200,0,7.5,0,0,0,cake
100,75,52,250,175,18,0,3,0,cake
225,225,156,225,0,0,0,1,0,cake
375,185,156,110,17,9,0,1.5,0,cake
150,136,104,250,0,4.5,0,0,0,cake
368,110,104,225,0,6,75,3,0,cake
600,480,156,250,0,12,0,0,0,cake
300,0,0,120,0,9,120,0.75,0,cake
150,200,312,350,250,6,0,1,0,cake
200,51,52,325,80,0,0,1,0,cake
600,250,312,350,0,34,0,6,0,cake
295,85,136,185,250,9,25.5,1,80,cake
300,175,208,320,175,17,0,1.5,0,cake
318,0,312,215,0,3,42.5,0,0,cake
180,0,260,180,0,15,0,0,0,cake
255,115,208,125,350,0,17,7,68,cake
980,460,156,280,68,12,0,3,0,cake
760,370,104,250,0,9,0,4.5,0,cake
125,75,104,75,0,0,0,0,0,cake
200,200,104,100,0,6,0,1,0,cake
350,50,0,250,0,3,0,0,0,cake
400,267,208,300,250,17,0,0,34,cake
226,175,156,360,0,0,0,0,0,cake
301,225,156,175,0,6,0,0,0,cake
200,100,104,100,100,6,0,0,0,cake
55,55,0,225,102,3,0,0,0,cake
136,0,104,100,0,3,0,3,0,cake
400,250,104,275,0,12,0,0,0,cake
135,50,52,175,125,12,0,4.5,0,cake
400,0,104,500,240,36,240,3,0,cake
895,360,104,250,0,24,0,3,0,cake
200,100,104,250,0,6,0,0,0,cake
210,160,52,150,120,12,0,3,0,cake
475,160,104,250,0,7.5,0,2.25,0,cake
300,115,104,140,0,0,0,1,0,cake
425,17,104,250,125,24,17,0,0,cake
85,85,52,170,0,3,0,0,0,cake
150,75,52,210,75,12,0,1,0,cake
250,100,104,200,150,12,0,3,0,cake
500,0,260,190,0,6,0,0,0,cake
125,100,104,200,0,0,0,0,0,cake
301,250,156,250,0,6,0,0,0,cake
125,125,104,125,0,0,0,0,0,cake
90,90,104,250,0,9,0,1,0,cake
400,475,118,250,0,12,0,3,0,cake
288,176,191,200,750,6,0,0,0,cake
250,250,312,350,0,30,0,0,0,cake
745,311,156,350,375,15,0,0,0,cake
130,120,104,250,0,6,0,3,0,cake
220,170,104,120,0,12,0,0,0,cake
300,115,104,315,250,12,250,3,0,cake
150,60,104,250,117,18,0,6,0,cake
235,34,156,190,0,15,68,1.5,0,cake
250,65,52,125,125,9,0,1.5,0,cake
150,125,156,193,175,1.5,0,0,0,cake
860,480,208,250,0,0,0,0,0,cake
425,275,104,125,17,6,0,0,0,cake
575,375,104,165,475,13.5,0,6,0,cake
125,150,104,300,250,18,0,0,200,cake
75,6,156,90,0,0,0,1,51,cake
102,125,208,68,0,0,0,0,0,cake
1000,400,208,150,0,6,0,0,0,cake
400,300,208,250,0,18,0,3,0,cake
550,550,208,375,0,9,51,6,0,cake
243,136,52,125,0,0,17,0,0,cake
200,0,0,425,250,0,0,0,0,cake
50,102,52,68,0,3,0,0,0,cake
110,0,0,150,0,3,0,0,17,cake
360,0,208,552,240,17,0,0,0,cake
110,110,104,225,119,0,0,0,0,cake
160,320,104,240,0,10.5,0,1.5,0,cake
150,175,104,250,0,6,0,0,0,cake
225,225,208,225,0,0,0,0,0,cake
270,115,135,200,0,6,51,0,0,cake
400,160,34,375,0,9,0,6,0,cake
405,265,104,125,12,0,0,0,0,cake
300,175,156,200,0,12,0,1.5,0,cake
100,1,104,200,0,9,150,0,0,cake
168,105,104,155,0,9,0,1,0,cake
350,0,156,230,102,6,0,0,0,cake
325,175,104,60,0,1.5,0,1.5,17,cake
650,395,135,375,34,12,0,6,0,cake
200,650,208,225,0,9,0,0,0,cake
450,310,208,125,0,0,0,0,350,cake
350,300,208,250,0,24,0,3,0,cake
100,70,52,250,180,12,0,1,0,cake
200,125,156,150,75,6,0,0,0,cake
300,160,156,345,0,7.5,0,6,0,cake
140,140,104,140,153,0,0,0,0,cake
420,325,208,250,0,12,0,1.5,0,cake
100,60,52,200,125,0,0,0,0,cake
350,225,156,300,350,9,0,6,0,cake
250,110,104,250,125,12,0,3,0,cake
170,55,52,200,34,0,0,1,0,cake
110,242,52,200,175,6,0,1.5,0,cake
150,51,32,200,0,10.5,0,0.75,0,cake
800,225,168,443,250,24,350,0,0,cake
60,0,0,225,0,12,51,0,17,cake
275,225,52,250,0,0,0,0,0,cake
200,80,156,200,0,0,0,0,0,cake
110,0,104,50,0,0,34,1,0,cake
300,120,191,285,0,17,180,6,0,cake
150,0,156,125,0,6,0,1,0,cake
350,260,156,175,51,6,0,0,0,cake
130,150,104,190,100,0,0,0,0,cake
500,188,0,370,300,6,0,1,0,cake
300,17,156,100,34,1.5,0,0,85,cake
150,0,156,100,0,3,0,3,250,cake
400,375,104,220,250,0,0,0,0,cake
630,125,156,265,0,34,625,0,0,cake
200,110,104,250,17,12,0,6,0,cake
300,125,214,300,0,17,0,6,0,cake
145,240,52,250,0,3,0,1.5,0,cake
365,325,208,225,0,0,0,0,0,cake
125,125,104,125,51,0,0,0,0,cake
170,170,156,155,0,6,0,0,0,cake
400,360,104,225,240,18,0,6,0,cake
390,250,208,280,0,3,0,0,0,cake
200,110,104,200,125,10.5,17,0,0,cake
375,250,208,160,0,1.5,0,0,0,cake
450,175,156,125,0,0,0,0,0,cake
68,51,52,68,51,0,0,0,0,cake
51,51,52,51,51,0,0,0,0,cake
225,225,260,280,0,12,0,0,0,cake
240,150,104,250,0,12,0,0,0,cake
200,110,104,200,125,10.5,17,0,0,cake
300,475,104,250,0,6,0,6,0,cake
350,225,145,440,250,12,0,0,0,cake
900,325,208,375,250,12,0,4.5,0,cake
150,93.5,52,85,74,3,0,1,0,cake
200,1,104,200,75,0,0,1,0,cake
230,267,156,260,380,0,17,2,0,cake
140,110,104,110,17,0,68,0,0,cake
300,175,104,350,250,3,0,0,0,cake
170,170,156,170,1,6,0,0,0,cake
800,300,104,750,0,24,0,6,0,cake
110,110,52,450,140,3,0,0,0,cake
150,125,52,250,300,24,0,6,0,cake
283,113,104,170,34,9,0,0,0,cake
200,200,156,200,0,6,0,0,0,cake
400,295,208,375,0,6,0,6,0,cake
110,0,52,340,0,0,0,0,0,cake
575,436,156,250,60,18,0,1,0,cake
200,110,104,60,0,0,0,1.5,0,cake
618,450,312,475,125,0,0,0.75,0,cake
450,34,0,220,225,12,0,1.5,0,cake
275,125,56,150,0,0,0,0,0,cake
300,150,76,250,250,12,0,6,0,cake
400,175,156,125,0,0,0,0,0,cake
400,175,156,375,0,7.5,0,6,0,cake
600,160,104,250,225,18,0,4,0,cake
125,75,104,150,0,0,0,3,0,cake
400,200,208,400,0,30,0,1,0,cake
350,0,156,150,34,0,0,0,0,cake
400,225,208,375,0,18,0,1.5,0,cake
150,68,52,250,0,12,0,6,0,cake
240,75,76,170,34,0,0,0,0,cake
200,110,104,200,175,12,0,3,0,cake
418,110,326,176,0,0,0,0,0,cake
420,295,104,375,0,6,0,3,0,cake
420,200,156,170,34,6,0,1,0,cake
600,335,260,375,250,3,0,0,0,cake
450,0,0,250,0,25.5,0,1.5,0,cake
660,50,104,250,0,12,0,0,0,cake
600,320,312,310,250,0,0,6,0,cake
1400,350,104,300,51,9,0,0,0,cake
150,80,52,125,250,18,0,1,0,cake
250,150,118,300,0,8,0,1,0,cake
225,100,52,100,0,4,0,1,0,cake
100,100,52,250,250,0,0,0,0,cake
175,360,52,180,0,0,0,0,0,cake
110,110,52,225,0,0,0,0,0,cake
350,350,312,350,0,12,0,0,0,cake
350,250,0,250,0,6,250,6,0,cake
250,80,104,200,120,18,0,0,0,cake
250,250,312,80,0,0,0,1.5,0,cake
335,325,208,150,102,3,0,0,0,cake
550,150,156,325,0,15,0,3,0,cake
110,140,104,225,0,3,0,0,0,cake
150,0,104,200,0,12,0,6,0,cake
150,100,104,150,150,12,0,3,0,cake
150,150,104,200,0,0,0,0,0,cake
375,225,156,280,0,6,125,0,0,cake
350,350,104,450,275,0,0,0,0,cake
200,115,104,225,250,17,0,1.5,0,cake
200,120,208,100,75,0,0,0,0,cake
250,250,156,250,0,30,0,0,0,cake
200,120,0,250,330,15,0,3,0,cake
400,225,208,400,397,12,0,0,0,cake
250,250,208,250,0,12,0,0,0,cake
268,100,52,190,175,17,0,3,0,cake
500,115,0,200,0,6,0,6,0,cake
340,340,312,340,0,0,0,0,0,cake
600,225,312,375,0,1.5,0,3,0,cake
200,0,156,150,90,6,0,3,0,cake
375,190,156,260,0,0,0,0,0,cake
68,110,74,250,175,18,0,1.5,260,cake
250,180,208,350,0,12,0,1,0,cake
175,25,52,225,0,15,0,3,0,cake
200,102,104,250,180,9,0,1.5,0,cake
85,125,52,250,180,18,0,6,0,cake
450,350,156,175,0,0,0,0,0,cake
230,115,0,280,100,9,0,3,0,cake
75,50,52,150,136,6,0,6,0,cake
400,417,156,175,0,0,0,0,0,cake
450,0,0,150,0,6,0,6,0,cake
175,175,156,150,0,0,0,0,0,cake
650,325,156,250,0,6,0,1.5,0,cake
140,100,156,150,0,0,0,0,0,cake
790,345,208,450,0,6,0,0,0,cake
700,180,176,510,0.5,0,25,2,0,cake
170,280,52,225,0,6,0,0,0,cake
300,175,156,250,0,6,0,0,0,cake
51,51,0,51,51,1.5,0,1,0,cake
225,225,208,275,68,12,0,0,0,cake
150,175,144,125,0,0,0,1,0,cake
85,102,104,375,375,17,0,0,0,cake
450,375,208,225,34,0,0,0,0,cake
650,275,104,250,68,6,250,3,0,cake
260,0,156,375,0,6,0,0,34,cake
650,335,208,310,0,6,0,0,0,cake
400,350,208,375,0,30,0,3,0,cake
600,275,156,250,0,18,0,6,0,cake
175,100,156,175,50,3,0,0,0,cake
635,340,208,250,0,12,0,6,0,cake
700,401,135,470,34,12,0,3,0,cake
850,425,208,250,0,24,0,3,0,cake
240,80,122,80,0,0,0,1,0,cake
300,100,33,250,250,34,0,1.5,0,cake
400,125,104,225,225,18,0,3,0,cake
200,115,156,190,180,6,0,3,0,cake
150,65,104,200,17,0,0,1,0,cake
285,167,208,250,0,6,0,1,0,cake
400,240,0,250,0,6,240,0,0,cake
200,200,208,200,0,0,0,0,0,cake
68,102,104,250,102,6,0,0,0,cake
150,180,104,150,50,0,0,0,0,cake
280,115,156,280,0,1.5,0,3,240,cake
200,175,208,250,0,3,250,3,0,cake
100,150,104,275,250,0,0,3,0,cake
300,100,104,200,0,7.5,0,1,0,cake
300,225,208,250,0,9,0,1.5,0,cake
200,250,208,175,0,3,0,0,0,cake
465,264,104,280,0,17,0,1.5,0,cake
200,0,208,200,0,12,0,0.75,0,cake
110,110,104,85,0,0,0,0,0,cake
250,125,168,250,0,17,180,6,0,cake
200,280,52,300,0,6,0,6,0,cake
275,110,104,175,0,7.5,0,0,0,cake
200,110,0,225,0,6,475,3,0,cake
115,115,104,115,0,0,0,0,0,cake
200,68,104,250,125,15,0,3,0,cake
270,215,80,220,0,0,0,1,0,cake
195,230,104,205,0,12,0,4.5,0,cake
400,225,104,250,0,6,0,0,0,cake
325,485,104,140,170,6,0,0,0,cake
100,100,104,100,0,0,0,0,0,cake
325,225,104,260,0,12,0,3,0,cake
300,115,126,125,0,0,0,0,0,cake
110,348,52,250,125,6,0,1.5,0,cake
246,125,104,90,0,15,0,0,0,cake
220,140,416,90,0,0,0,0,0,cake
200,100,104,205,68,6,0,3,0,cake
225,0,208,225,0,18,0,0,0,cake
201,68,104,250,0,18,0,3,0,cake
250,120,52,260,120,12,0,6,0,cake
140,0,104,225,0,0,0,0,0,cake
130,42.5,104,280,120,17,0,1,0,cake
575,250,0,450,150,12,0,6,0,cake
150,17,104,425,75,15,0,3,0,cake
55,55,0,160,0,17,0,0,0,cake
350,180,156,370,0,6,0,6,0,cake
204,110,52,125,0,3,0,1,0,cake
150,0,260,150,0,0,0,0,0,cake
260,105,104,200,0,12,0,1.5,0,cake
550,225,208,500,0,18,0,6,0,cake
225,225,208,225,0,6,0,0,0,cake
200,75,104,200,120,9,0,1,0,cake
300,0,156,250,0,29,0,1,0,cake
300,450,312,375,0,1.5,0,3,0,cake
100,75,156,150,0,17,0,0,0,cake
225,200,222,50,0,0,17,0,0,cake
175,175,156,175,0,0,0,0,0,cake
160,180,208,225,0,1,0,1,0,cake
260,95,52,301,120,12,0,3,0,cake
150,142,104,200,125,6,0,0,0,cake
210,150,156,190,34,6,0,0,0,cake
250,225,208,375,0,6,0,3,0,cake
400,225,156,280,0,3,0,3,0,cake
175,175,156,200,51,9,0,0,34,cake
200,150,74,250,34,0,0,1,0,cake
468,375,260,375,250,3,0,0,0,cake
218,125,52,125,0,4.5,0,1.5,9,cake
430,115,104,190,0,12,250,3,0,cake
85,85,0,350,125,1.5,0,0,17,cake
175,75,104,200,0,1.5,0,0,0,cake
120,250,104,60,0,0,0,0,0,cake
165,238,156,335,240,15,0,6,34,cake
750,560,104,300,0,6,0,0,0,cake
400,250,156,375,0,13.5,0,6,0,cake
165,150,156,430,0,18,0,1.5,180,cake
300,30,156,200,175,9,0,0,0,cake
100,100,104,100,0,6,0,0,0,cake
450,240,104,375,0,6,0,6,0,cake
150,125,156,80,200,0,0,1.5,60,cake
250,195,156,240,0,6,0,0,0,cake
400,225,208,225,0,3,0,3,0,cake
200,175,260,250,0,30,0,0,0,cake
125,310,52,145,0,12,0,0,0,cake
100,400,0,500,0,12,0,0,0,cake
550,370,312,170,0,0,0,0,0,cake
875,500,145,250,0,6,0,6,0,cake
250,250,260,300,0,17,0,0,0,cake
100,100,156,150,0,6,0,0,0,cake
325,330,0,115,525,0,0,1.5,0,cake
220,0,52,225,0,0,0,0,0,cake
100,68,104,275,125,68,0,1.5,0,cake
800,245,34,350,418,24,0,4.5,0,cake
300,200,104,125,80,12,0,0,0,cake
400,225,208,185,0,0,0,1,0,cake
300,51,104,175,250,13.5,0,0.75,0,cake
600,335,208,375,0,9,68,6,0,cake
125,100,104,325,490,17,0,0,0,cake
200,200,156,125,0,0,0,0,0,cake
100,115,104,270,0,6,0,3,51,cake
150,160,208,440,0,20,0,6,0,cake
600,525,156,250,120,4.5,0,3,0,cake
168,127,104,250,0,13.5,0,6,0,cake
250,100,156,350,1,0,0,0,0,cake
150,80,104,190,0,12,0,0,0,cake
585,50,260,215,0,3,193,1.5,0,cake
220,220,208,220,0,7.5,0,1,0,cake
230,170,156,170,0,0,0,0,0,cake
200,450,312,375,0,6,0,0,0,cake
178,17,31,338,125,10.5,0,0,0,cake
200,0,104,250,0,0,0,0,0,cake
100,60,52,205,120,15,0,3,0,cake
150,140,156,220,0,0,0,1.5,0,cake
300,50,156,75,50,6,0,0,0,cake
400,361,208,225,51,9,0,0,0,cake
200,390,156,318,0,10.5,0,6,0,cake
75,0,52,150,0,3,34,3,0,cake
140,140,156,140,0,0,0,0,0,cake
100,125,312,80,0,0,0,0,0,cake
600,250,0,550,0,18,700,3,0,cake
525,115,190,68,0,0,0,0,0,cake
375,242,208,225,0,6,0,3,0,cake
250,250,208,250,0,6,0,0,0,cake
175,110,104,200,250,6,0,0,0,cake
200,150,156,200,0,0,0,0,0,cake
600,250,208,450,0,18,125,6,0,cake
250,175,156,250,0,12,0,3,0,cake
250,125,78,250,0,6,0,0,0,cake
310,220,156,300,75,6,0,6,0,cake
300,200,156,225,410,9,0,0,0,cake
650,203,208,250,17,0,0,0,0,cake
200,65,156,60,0,3,0,1.5,0,cake
400,267,156,375,0,12,0,0,0,cake
200,125,156,360,0,12,0,6,275,cake
285,110,104,250,250,6,0,6,0,cake
140,34,104,200,51,17,0,0,0,cake
75,85,104,225,160,17,0,3,0,cake
318,250,208,250,0,6,0,0,0,cake
110,110,104,110,51,2,0,0,0,cake
275,50,208,350,0,18,134,0,0,cake
275,175,156,200,0,12,0,0,0,cake
200,175,156,225,34,3,0,3,0,cake
200,115,104,190,0,6,0,3,0,cake
300,34,156,250,80,12,0,3,0,cake
200,85,0,100,0,6,0,0,0,cake
112,112,0,192,0,0,0,0,0,cake
225,225,208,225,0,0,0,0,0,cake
400,300,104,250,100,0,0,0,0,cake
110,110,104,110,0,0,0,0,0,cake
700,340,312,478,475,17,0,0,0,cake
500,250,208,375,0,9,0,3,0,cake
165,85,76,170,0,0,0,0,0,cake
200,170,156,190,120,4.5,0,1.5,0,cake
550,200,208,300,0,17,0,0,0,cake
310,85,296,51,250,0,51,0,0,cake
300,125,208,500,0,12,0,0,0,cake
255,145,104,301,0,12,0,1.5,0,cake
400,450,122,360,0,6,0,3,0,cake
100,230,104,245,0,3,0,0,0,cake
193,85,52,220,0,10.5,0,1.5,0,cake
125,110,104,200,125,3,0,3,68,cake
51,34,104,68,0,2,34,1,0,cake
400,250,156,500,125,18,0,0,0,cake
210,180,52,200,0,6,250,0,0,cake
280,125,104,560,150,12,0,0,0,cake
500,450,104,350,350,6,0,0,0,cake
110,110,104,70,0,0,0,0,0,cake
150,115,104,220,0,6,0,1.5,0,cake
100,51,31,200,110,6,0,1.5,0,cake
100,100,104,100,0,0,0,0,0,cake
75,51,156,100,200,24,0,1,0,cake
300,225,208,385,225,6,0,1,0,cake
344,225,208,220,0,17,0,0,0,cake
218,0,260,150,0,6,0,0,0,cake
120,0,104,300,0,7.5,0,1,0,cake
350,225,208,225,100,3,0,3,34,cake
310,150,156,150,0,0,0,0,0,cake
175,100,104,140,100,18,100,0,0,cake
165,110,104,110,0,0,17,0,0,cake
55,110,104,225,150,6,0,0,85,cake
350,350,312,400,0,0,0,0,0,cake
275,50,104,60,34,3,0,1.5,0,cake
115,115,104,200,0,6,0,0,0,cake
250,125,52,150,175,9,0,1.5,0,cake
170,175,104,300,0,6,0,0,0,cake
170,110,104,225,0,0,0,0,0,cake
180,100,74,150,125,6,0,1.5,0,cake
400,150,156,500,51,6,0,1,120,cake
200,120,156,310,120,12,0,3,0,cake
220,17,104,330,0,0,0,3,0,cake
110,85,0,280,250,9,0,1,85,cake
150,0,156,68,0,0,0,0,0,cake
500,650,156,250,0,9,12,6,17,cake
150,125,104,300,180,17,0,0,0,cake
220,110,52,200,0,9,0,1.5,0,cake
51,17,0,450,800,0,0,0,0,cake
160,100,104,75,0,0,0,0,0,cake
325,595,208,260,0,18,0,3,0,cake
500,115,104,220,160,9,0,0,432,cake
100,100,104,150,17,0,0,0,0,cake
400,200,156,170,75,1.5,0,0,0,cake
450,160,52,375,0,12,500,7.5,0,cake
500,550,104,385,250,9,0,6,0,cake
100,0,0,255,225,18,0,1.5,0,cake
450,375,104,250,0,15,250,6,0,cake
350,170,156,125,60,9,175,1.5,350,cake
350,225,260,175,0,6,0,0,0,cake
155,155,104,155,0,0,0,0,0,cake
300,225,312,125,0,6,0,0,0,cake
200,57,104,190,0,3,0,3,0,cake
269,209,156,200,0,34,0,0,0,cake
150,65,104,65,0,0,0,1.5,0,cake
500,220,208,125,75,0,0,0,0,cake
585,505,156,280,51,6,0,0,0,cake
611,420,260,375,125,6,0,6,0,cake
50,20,0,140,0,18,0,0,50,cake
600,225,156,310,0,9,0,3,0,cake
225,225,52,225,0,0,0,0,0,cake
100,90,52,250,250,12,0,3,0,cake
115,115,104,115,0,0,0,0,0,cake
130,90,104,300,0,12,0,3,0,cake
150,611,52,250,0,6,0,3,0,cake
300,900,312,350,85,9,0,0,0,cake
350,250,208,300,68,6,0,0,0,cake
225,100,104,100,0,0,15,0,0,cake
213,163,104,113,17,0,0,0,0,cake
180,180,156,180,0,6,0,0,0,cake
80,50,52,150,100,6,0,0,0,cake
100,100,156,100,0,0,0,0,0,cake
390,350,104,170,150,6,0,0,0,cake
200,85,52,190,0,6,0,0,0,cake
400,300,156,375,0,6,0,3,0,cake
650,185,104,255,120,12,0,1,0,cake
100,0,104,260,60,18,0,0,0,cake
225,219,52,225,0,3,0,1,0,cake
150,134,104,250,0,12,0,3,0,cake
500,250,156,250,0,3,0,3,0,cake
350,100,0,275,0,6,200,0,0,cake
500,325,208,125,0,0,0,3,0,cake
380,0,208,200,0,0,0,0,0,cake
175,209,156,200,51,6,0,0,0,cake
200,200,104,200,1,0,0,0,0,cake
395,280,156,140,17,0,34,0,0,cake
750,326,116,120,0,0,342,0,0,cake
245,170,104,170,0,0,0,0,0,cake
250,250,260,250,0,12,0,0,0,cake
110,110,104,85,34,0,0,0,0,cake
100,122,170,150,0,0,0,0,0,cake
375,285,156,310,150,12,0,0,0,cake
100,300,0,200,0,9,0,3,0,cake
450,220,104,680,235,3,0,0,0,cake
350,141,156,110,46,0,0,0,0,cake
300,125,186,250,0,18,175,6,0,cake
600,250,208,450,0,12,150,1,0,cake
100,100,104,100,0,0,0,0,0,cake
150,125,208,150,0,1,0,0,0,cake
550,350,312,280,0,30,160,0,0,cake
225,100,104,225,0,0,0,0,0,cake
55,0,0,340,300,0,0,0,68,cake
375,475,156,375,0,6,0,0,0,cake
300,100,156,150,0,0,0,0,0,cake
225,225,156,450,0,6,0,0,0,cake
390,250,104,110,51,0,0,0,0,cake
168,150,52,190,120,9,0,0.75,0,cake
110,110,104,110,0,0,0,0,0,cake
225,225,208,225,0,0,0,0,0,cake
475,351,104,125,34,0,0,0,0,cake
420,320,104,250,0,12,0,3,0,cake
245,540,0,320,0,0,0,0,0,cake
85,75,52,225,175,15,0,3,0,cake
500,250,208,450,0,12,150,9,0,cake
500,110,208,450,0,15,0,6,0,cake
250,250,260,250,0,0,0,1,250,cake
300,230,104,225,0,0,0,0,0,cake
150,51,104,250,100,23,0,0,0,cake
68,125,52,136,34,0.75,0,1,0,cake
85,34,32,125,68,6,0,0,0,cake
150,0,156,150,0,6,0,0,0,cake
375,375,312,625,68,0,0,0,0,cake
125,150,104,200,150,12,0,0,0,cake
260,160,104,280,0,18,0,3,0,cake
55,330,52,340,0,6,0,0,0,cake
280,110,104,110,34,0,0,0,0,cake
370,180,104,310,0,12,0,3,400,cake
510,190,208,60,17,0,0,0,0,cake
110,110,52,125,120,9,0,1,0,cake
275,225,208,75,0,0,0,0,0,cake
600,350,260,375,0,0,0,0,0,cake
175,175,156,175,0,0,0,0,0,cake
125,120,122,100,0,0,0,1,0,cake
102,0,312,68,0,12,0,0,0,cake
225,110,104,110,0,0,0,0,0,cake
300,340,156,500,0,24,650,0.75,0,cake
210,125,104,225,17,17,0,6,0,cake
120,120,104,220,0,12,51,0,0,cake
300,250,208,140,150,0,0,0,0,cake
270,175,52,225,0,12,0,3,0,cake
760,480,208,200,51,0,0,0,0,cake
400,100,104,250,225,12,0,3,0,cake
275,250,208,250,0,30,0,0,0,cake
200,0,122,150,0,17,0,0,0,cake
175,175,156,225,0,6,0,0,0,cake
200,200,104,100,0,0,0,0,6,cake
350,225,208,125,0,0,0,0,0,cake
560,131,104,560,125,12,0,0,0,cake
85,0,52,400,0,0,0,0,0,cake
100,120,156,125,0,6,0,0,0,cake
100,100,156,100,17,0,0,0,0,cake
225,225,208,225,0,0,0,0,0,cake
100,100,104,125,0,0,0,0,0,cake
268,150,52,200,160,12,0,3,0,cake
400,610,0,500,0,2,0,0,0,cake
85,170,156,180,0,0,0,0,0,cake
220,111,104,270,120,0,0,0,0,cake
200,0,52,300,0,0,0,0,0,cake
110,110,104,450,3,12,0,1.5,0,cake
220,110,52,250,250,3,0,0,0,cake
200,115,104,200,0,12,0,1.5,0,cake
850,335,168,625,0,6,0,0,0,cake
250,250,208,250,0,12,0,0,0,cake
150,100,156,100,0,9,0,0,0,cake
51,51,52,68,68,3,0,0,0,cake
100,75,52,250,0,6,0,3,0,cake
350,350,312,300,0,17,0,1,0,cake
325,255,156,200,30,0,0,0,0,cake
320,240,156,270,0,12,0,0,0,cake
300,250,66,60,0,0,0,0,0,cake
200,200,156,125,0,0,0,0,0,cake
150,127,104,60,0,0,0,3,0,cake
400,188,104,190,120,9,0,1.5,0,cake
70,90,0,100,0,6,85,1,0,cake
400,125,0,400,0,18,500,12,0,cake
400,90,104,250,250,12,0,3,0,cake
250,170,104,115,0,0,0,0,0,cake
50,230,52,200,0,6,0,6,0,cake
175,175,156,200,110,3,0,0,0,cake
350,375,104,225,250,18,0,0,0,cake
110,0,104,180,0,6,0,0,0,cake
275,150,37,125,0,6,0,0,0,cake
400,225,312,250,0,0,0,0,0,cake
235,0,38,115,0,0,0,1.5,0,cake
150,0,156,150,0,0,0,0,0,cake
100,125,104,375,300,12,0,1.5,0,cake
225,225,156,75,200,0,0,0,0,cake
110,110,104,110,0,0,0,0,0,cake
200,110,104,225,150,15,0,1.5,0,cake
75,6,208,140,500,0,0,0,0,cake
150,175,208,380,0,18,0,0,0,cake
275,185,156,85,50,0,0,0,0,cake
280,200,156,140,124,18,0,0,0,cake
200,50,104,300,0,12,0,0,0,cake
502,320,347,51,120,3,0,1,0,cake
145,115,104,250,0,18,0,3,0,cake
50,295,104,180,0,12,0,3,0,cake
468,254,208,418,0,6,0,3,0,cake
1025,225,208,225,0,12,18,0,0,cake
455,160,52,120,205,9,0,1.5,0,cake
500,350,156,250,125,6,68,1,0,cake
175,175,156,225,36,0,0,0,59,cake
325,250,156,175,0,18,0,6,0,cake
150,150,156,150,0,0,0,0,0,cake
770,355,208,375,0,6,0,6,0,cake
350,110,104,85,34,0,0,1.5,0,cake
100,75,52,280,175,18,0,3,0,cake
115,170,0,170,250,12,0,0,34,cake
820,659,208,400,180,17,0,12.75,34,cake
200,125,0,200,0,18,200,0,0,cake
390,170,104,335,0,3,0,1.5,0,cake
68,240,52,200,0,6,0,3,175,cake
200,0,156,200,0,6,0,0,0,cake
205,125,104,250,125,15,0,3,0,cake
200,85,156,115,300,1,0,0,0,cake
150,120,52,180,0,9,0,3,0,cake
455,300,0,280,334,3,0,0,52,cake
225,110,104,425,0,13.5,51,0,0,cake
220,125,312,285,0,30,160,0,0,cake
85,68,52,125,250,12,0,3,0,cake
450,470,156,375,68,6,0,3,0,cake
880,360,208,250,17,12,0,0,0,cake
270,140,104,280,101,6,0,0,0,cake
200,50,52,50,0,6,0,0,17,cake
600,250,208,440,0,15,0,9,0,cake
200,235,260,700,0,30,0,0,0,cake
68,51,52,68,51,3,0,0,0,cake
80,50,52,280,0,6,0,3,0,cake
100,250,0,350,0,0,0,0,0,cake
225,170,104,230,0,6,250,0,0,cake
252,59.5,104,325,150,0,0,0,0,cake
320,120,52,200,0,6,0,6,0,cake
400,350,208,250,0,21,0,9,0,cake
400,120,156,216,0,20,370,3,0,cake
150,125,52,200,0,4.5,0,3,0,cake
750,350,135,325,250,17,0,3,0,cake
200,0,260,125,0,0,0,0,0,cake
125,115,104,225,125,0,0,0,0,cake
100,75,104,250,125,6,0,0,34,cake
160,30,52,160,85,6,0,1,0,cake
125,125,104,125,0,1.5,0,0,0,cake
300,245,208,400,250,24,0,0,0,cake
160,200,156,225,0,12,0,0,0,cake
220,110,208,125,0,0,0,0,0,cake
225,100,104,50,0,6,0,1.5,0,cake
418,200,156,220,0,9,0,4.5,0,cake
300,0,0,375,0,22.5,350,0,0,cake
225,90,33,240,170,9,0,1.5,0,cake
110,110,104,110,0,0,0,0,0,cake
100,110,156,120,0,1.5,0,1,6,cake
500,170,104,250,0,18,68,1,0,cake
300,110,208,102,0,0,0,0,0,cake
300,160,208,375,0,12,0,3,0,cake
100,120,156,200,17,6,0,0,0,cake
220,220,156,300,51,0,0,0,0,cake
200,125,104,60,0,1.5,0,1.5,0,cake
175,175,156,175,0,6,0,0,0,cake
275,125,104,300,175,0,0,0,0,cake
300,235,208,450,0,9,0,6,0,cake
268,190,266,200,0,0,0,3,0,cake
150,395,208,165,150,3,0,0,0,cake
119,225,52,375,0,24,0,0,0,cake
250,125,52,250,75,12,0,3,0,cake
180,225,156,225,0,0,0,0,0,cake
750,200,241,225,0,0,0,1.5,0,cake
618,275,104,590,125,0,68,2.25,68,cake
440,340,208,375,0,17,0,0,0,cake
125,0,104,250,0,17,0,6,0,cake
175,175,156,175,0,0,0,0,0,cake
110,68,104,195,0,12,0,3,0,cake
220,284,52,250,0,7.5,0,3,0,cake
200,100,104,150,0,0,0,0,0,cake
150,135,52,150,175,9,0,1.5,30,cake
320,155,104,125,0,6,0,1.5,0,cake
350,230,104,250,125,6,0,3,0,cake
400,350,156,250,0,12,0,6,0,cake
300,110,104,285,120,6,17,0,0,cake
170,170,156,140,0,0,12,0,0,cake
150,150,104,100,0,0,0,0,0,cake
200,285,416,250,807,6,0,6,0,cake
200,70,156,115,300,1,0,0,0,cake
240,280,104,280,0,18,0,1,0,cake
300,250,156,250,0,13.5,0,6,0,cake
200,65,156,50,0,6,0,0,0,cake
400,275,156,175,0,0,0,0,0,cake
600,250,208,440,0,15,150,9,0,cake
200,50,52,350,0,0,0,0,0,cake
75,165,52,150,0,4.5,0,1.5,80,cake
900,520,104,250,0,6,250,4,0,cake
115,75,104,250,125,6,0,1,17,cake
200,100,136,100,0,0,0,0,0,cake
220,0,136,75,0,6,0,1,0,cake
400,345,104,250,0,18,225,3,0,cake
150,55,208,125,0,0,0,0,0,cake
200,225,208,125,0,0,0,0,0,cake
525,259,208,200,6,0,0,6,0,cake
50,0,104,225,68,6,0,3,75,cake
350,240,156,175,34,9,0,0,0,cake
225,225,208,225,17,0,0,0,0,cake
200,110,52,340,0,0,280,0,34,cake
250,225,156,280,0,3,0,1.5,0,cake
150,110,52,100,0,0,0,0,0,cake
233,76,52,165,0,3,0,1.5,0,cake
90,0,156,90,0,6,0,0,0,cake
85,100,156,300,100,6,0,0,55,cake
150,150,104,225,0,0,0,0,0,cake
175,90,52,250,200,15,0,0,0,cake
119,175,52,150,80,6,0,0,0,cake
450,300,208,300,0,12,250,3,0,cake
400,225,208,250,0,0,0,0,0,cake
200,120,104,250,0,9,0,6,0,cake
410,110,104,250,170,9,0,3,235,cake
150,150,156,150,17,8.5,0,3,0,cake
250,250,0,200,0,0,120,6,0,cake
200,225,156,275,0,0,0,0,0,cake
300,150,104,400,150,24,0,6,0,cake
200,375,104,250,0,6,0,0,0,cake
450,125,282,120,0,6,0,1,0,cake
495,265,52,100,137,0,12,0,0,cake
200,100,104,250,0,1.5,0,0,0,cake
200,50,52,200,0,6,0,0,0,cake
400,120,104,280,0,12,0,3,0,cake
150,350,52,125,0,6,0,0,0,cake
385,335,156,200,250,0,0,1.5,0,cake
200,125,52,250,250,0,0,0,0,cake
150,150,156,150,0,6,0,0,0,cake
250,0,0,500,0,24,0,0,0,cake
1120,445,260,375,370,3,0,0,0,cake
68,543,104,100,0,25.5,0,6,0,cake
250,120,104,250,0,12,0,3,0,cake
250,40,99,300,0,25.5,0,0,0,cake
218,100,104,175,0,0,0,0,0,cake
75,100,52,200,102,0,0,1,0,cake
625,250,260,375,0,6,500,0,0,cake
150,150,156,225,50,11.25,0,0,0,cake
375,175,104,80,0,0,175,0,0,cake
161,110,104,140,0,0,0,0,0,cake
300,225,156,375,0,23,125,3,0,cake
150,0,156,125,0,6,0,0,0,cake
220,30,0,180,0,4.5,250,3,0,cake
150,120,156,50,0,12,0,0,0,cake
350,175,156,375,150,18,75,3,0,cake
200,0,0,200,0,9,235,0,0,cake
170,170,156,170,0,8,51,1,0,cake
290,277,52,250,242,9,0,6,0,cake
200,375,104,225,0,6,0,1.5,0,cake
175,175,156,225,0,9,0,0,0,cake
800,700,122,500,350,6,0,0,0,cake
100,100,104,100,0,6,0,0,0,cake
200,110,0,250,0,6,0,0,0,cake
150,150,156,150,17,0,0,0,0,cake
385,120,260,231,0,0,0,0,0,cake
400,120,0,500,0,6,725,3,0,cake
160,0,208,200,0,0,0,3,0,cake
165,125,104,125,0,0,0,0,0,cake
100,0,104,300,0,17,0,0,0,cake
375,250,104,125,68,3,0,0,0,cake
255,255,156,200,0,0,0,0,0,cake
100,68,52,225,125,12,0,3,0,cake
350,350,208,300,0,3,0,0,0,cake
230,170,52,120,100,3,0,1,0,cake
200,0,312,150,0,0,0,0,0,cake
250,50,104,225,0,7.5,0,3,0,cake
225,150,104,75,0,0,0,0,0,cake
325,115,104,100,0,0,0,0.75,0,cake
800,265,156,1000,159,18,170,3,500,cake
300,225,208,250,0,0,0,0,0,cake
520,225,312,225,68,0,0,3,0,cake
850,460,208,250,0,12,0,6,0,cake
170,100,104,200,240,18,0,1.5,0,cake
150,0,52,85,34,1.5,0,0,0,cake
225,175,208,200,125,6,0,0,0,cake
110,110,104,110,0,0,0,0,0,cake
381,267,208,250,0,15,170,1,0,cake
625,355,178,175,34,0,0,0,6,cake
200,100,104,225,100,6,0,1,0,cake
440,225,156,340,0,24,0,0,225,cake
275,275,104,150,0,1.5,0,0,0,cake
150,150,104,150,51,6,0,0,0,cake
400,110,208,250,225,12,0,1.5,0,cake
700,150,104,250,265,12,0,0,0,cake
335,244,104,85,0,6,0,0,0,cake
498,0,104,350,0,12,34,0,275,cake
140,0,32,200,0,10.5,0,0,0,cake
500,350,208,275,0,21,0,0,0,cake
250,0,52,250,120,3,0,0,0,cake
150,150,156,150,34,17,0,0,0,cake
875,620,156,375,0,16.5,0,7.5,0,cake
650,265,156,375,350,9,0,9,0,cake
225,225,156,225,0,12,0,0,0,cake
250,68,104,200,0,15,0,2,0,cake
400,500,260,250,0,9,0,6,0,cake
85,125,52,250,180,18,0,6,0,cake
240,0,156,300,0,24,0,0,0,cake
175,175,156,280,34,0,0,0,17,cake
640,520,104,245,60,6,0,9,0,cake
175,175,156,220,0,6,0,0,0,cake
200,240,104,300,0,12,0,6,180,cake
225,225,208,280,0,6,0,0,0,cake
68,34,0,68,51,0,0,0,0,cake
225,121,416,200,0,0,0,0,0,cake
136,98,52,361,250,12,0,1.5,0,cake
310,94,156,210,0,1.5,0,1.5,0,cake
150,200,104,200,0,9,0,0,0,cake
400,300,208,400,0,6,0,6,0,cake
400,340,312,500,0,6,0,1.5,0,cake
250,160,156,80,50,0,0,0,0,cake
150,60,52,190,120,12,50,3,0,cake
400,240,156,375,0,7.5,0,6,0,cake
100,175,0,275,0,9,180,0,250,cake
285,110,104,250,250,6,0,6,0,cake
300,125,0,250,0,9,0,6,0,cake
110,110,104,110,0,0,0,0,0,cake
420,420,416,510,85,0,0,0,0,cake
220,120,104,256,0,3,0,3,0,cake
650,525,208,300,0,3,0,0,0,cake
950,500,416,850,0,4.5,0,4.5,0,cake
1150,125,302,250,0,9,0,0.75,0,cake
340,250,156,190,0,0,0,3,0,cake
250,250,260,340,3,6,0,0,0,cake
475,450,208,225,0,6,0,0,0,cake
170,110,104,220,85,0,0,1,0,cake
175,175,156,175,1,0,0,1,0,cake
220,220,104,110,0,12,0,0,0,cake
275,120,0,250,175,17,0,1,0,cake
68,0,52,125,0,20,0,1.5,0,cake
200,110,52,250,250,0,0,0,0,cake
1025,525,104,225,400,18,0,6,0,cake
200,120,104,200,0,3,0,1,0,cake
200,100,0,125,120,6,0,0,0,cake
200,17,0,250,400,6,0,0,85,cake
400,450,208,375,0,6,0,0,0,cake
380,100,176,150,51,3,0,0,0,cake
340,250,312,100,0,6,0,1,0,cake
250,210,208,340,0,0,0,0,0,cake
170,110,104,225,0,6,225,1,0,cake
825,275,156,250,85,12,0,3,0,cake
450,365,208,250,0,18,0,6,0,cake
560,390,104,190,175,10.5,0,1,34,cake
51,50,52,250,240,17,0,3,0,cake
275,185,156,85,0,0,0,0,0,cake
170,170,156,200,0,12,0,0,0,cake
400,250,156,375,0,15,0,6,0,cake
600,340,312,200,0,4.5,0,4.5,0,cake
161,110,52,225,180,0,0,0,0,cake
500,175,260,300,0,12,0,0,0,cake
400,1775,260,440,0,18,0,3,0,cake
390,250,104,110,102,0,0,0,0,cake
850,420,208,310,125,12,0,7,34,cake
420,250,104,375,0,12,0,3,0,cake
75,55,52,220,175,21,0,6,0,cake
150,225,156,150,34,3,0,1.5,17,cake
700,325,208,200,0,0,0,0,0,cake
100,125,104,165,34,0,0,0,17,cake
300,250,104,275,0,15,0,0,0,cake
250,200,208,200,202,6,0,0,0,cake
110,110,104,150,0,0,0,0,0,cake
400,160,0,375,0,15,480,3,0,cake
650,230,208,125,25.5,0,17,3,0,cake
615,160,260,176,0,3,0,3,0,cake
100,35,208,100,0,0,100,0,0,cake
200,100,208,300,0,6,0,0,0,cake
150,0,260,150,0,0,0,0,0,cake
350,235,156,380,0,9,0,1,0,cake
430,386,208,180,0,17,0,0,0,cake
525,325,260,375,250,4.5,0,1.5,0,cake
200,155,104,250,0,9,0,0,0,cake
640,230,104,250,0,6,0,3,0,cake
300,150,35,285,250,6,0,0.75,0,cake
125,100,0,200,150,6,0,1,34,cake
400,150,154,400,300,17,0,7.5,0,cake
525,275,104,375,0,30,0,0,0,cake
100,68,52,250,200,12,0,0,0,cake
100,225,156,300,0,0,0,0,250,cake
400,540,104,350,0,12,0,1.5,0,cake
400,250,104,275,0,6,0,3,0,cake
190,100,156,135,0,0,0,0.75,0,cake
150,75,52,200,0,9,0,3,0,cake
170,0,52,340,0,0,0,0,0,cake
150,340,104,200,0,12,0,3,0,cake
125,85,104,250,0,6,0,3,0,cake
175,0,52,205,0,15,0,7.5,0,cake
375,290,156,325,0,15,0,4.5,0,cake
175,175,156,250,0,0,6,0,0,cake
400,200,104,375,0,18,0,3,0,cake
110,55,104,225,0,0,0,0,0,cake
110,175,104,225,34,12,0,0,0,cake
250,125,52,150,175,9,0,1,0,cake
50,40,52,175,100,3,0,0,0,cake
200,200,208,200,0,0,0,0,0,cake
55,330,52,340,0,6,0,0,0,cake
300,110,104,250,0,7.5,0,6,0,cake
168,50,156,85,0,3,0,1.5,0,cake
285,250,104,175,0,0,0,0,0,cake
150,60,32,155,150,12,0,1.5,0,cake
225,200,156,125,0,0,0,0,0,cake
175,225,208,250,0,0,0,0,0,cake
110,115,104,200,0,6,85,1.5,0,cake
100,68,52,120,0,15,0,1.5,0,cake
550,350,312,350,0,18,0,0,0,cake
625,405,156,150,0,3,0,0,0,cake
200,280,208,125,0,6,0,0,0,cake
75,50,52,150,51,0,0,0,0,cake
200,110,0,205,34,3,0,0,0,cake
135,110,104,200,0,6,0,0,34,cake
120,175,104,300,200,6,0,0,0,cake
110,110,52,225,85,0,0,0,0,cake
100,0,104,100,0,3,17,0,0,cake
100,225,104,450,0,6,0,0,0,cake
400,235,156,250,0,6,0,6,0,cake
204,34,52,125,6,4.5,0,1.5,0,cake
51,0,32,275,80,6,0,3,34,cake
408,85,52,95,34,6,0,1.5,0,cake
820,460,208,250,0,18,0,3,0,cake
200,51,52,310,80,18,0,3,0,cake
475,300,156,200,0,17,0,0,0,cake
115,115,104,225,150,6,0,0,0,cake
450,225,260,110,140,0,0,0,0,cake
600,225,364,375,0,3,0,0,0,cake
115,100,104,375,200,15,0,0,0,cake
225,115,156,70,0,0,0,0,0,cake
150,0,0,200,250,17,0,0,0,cake
225,151,208,200,175,12,0,1.5,0,cake
175,175,156,225,0,6,0,0,0,cake
150,150,156,150,0,0,0,0,0,cake
200,75,104,310,300,12,0,0,0,cake
250,120,104,150,51,3,0,1,0,cake
175,175,156,175,100,6,0,0,0,cake
225,225,208,225,0,6,0,0,0,cake
875,390,104,250,0,9,175,6,0,cake
300,300,208,200,0,6,0,0,0,cake
800,460,208,300,350,12,0,0,0,cake
500,590,260,250,0,3,60,6,0,cake
175,0,52,200,300,0,0,0,0,cake
440,0,104,150,0,6,0,0,0,cake
269,230,104,318,0,12,0,3,0,cake
110,60,156,170,0,6,0,0,0,cake
225,55,208,225,0,9,0,3,0,cake
400,250,208,250,0,24,0,12,0,cake
440,130,0,200,125,3,0,6,0,cake
275,80,52,250,240,6,0,3,0,cake
170,110,104,170,0,0,0,0,0,cake
100,170,0,200,398,17,0,0,0,cake
400,225,208,270,0,0,0,0,0,cake
300,175,156,250,0,12,0,0,0,cake
300,250,156,200,250,17,0,0,0,cake
350,300,156,375,0,6,0,6,0,cake
568,568,156,852,142,6,0,0,0,cake
200,250,104,250,0,6,0,0,0,cake
80,200,208,80,0,0,0,0,0,cake
350,580,104,310,0,6,0,6,0,cake
200,125,156,230,0,0,0,0,0,cake
251,85,156,51,0,0,0,0,0,cake
200,340,52,125,0,6,0,0,0,cake
568,284,208,568,0,18,0,6,0,cake
225,75,104,225,250,0,0,0,0,cake
200,120,52,320,0,20,0,0,0,cake
350,235,156,700,0,12,0,18,0,cake
400,225,208,468,0,7.5,0,0,0,cake
200,225,0,68,250,0,0,0,0,cake
68,75,52,225,120,18,0,4.5,0,cake
311,338,104,191,250,0,0,0,0,cake
100,60,0,255,225,15,0,0,0,cake
150,120,52,200,60,6,0,3,0,cake
200,110,52,200,0,12,0,3,0,cake
200,200,156,200,0,0,0,0,0,cake
120,85,52,190,0,6,125,3,0,cake
140,161,104,170,0,0,0,0,0,cake
300,170,34,350,350,24,0,4.5,0,cake
500,175,156,750,0,34.5,0,17,0,cake
100,68,0,200,175,12,0,1.5,0,cake
358,157,156,375,350,18,15,6,0,cake
320,50,156,100,0,6,0,3,0,cake
218,115,230,176,0,0,17,0,0,cake
540,228,104,200,0,6,0,0,0,cake
175,175,156,175,0,0,0,0,0,cake
180,180,156,270,0,6,0,0,0,cake
600,280,0,400,80,12,450,1,0,cake
420,500,260,250,0,6,0,6,0,cake
250,284,208,250,100,0,0,0,17,cake
150,335,104,250,0,12,0,0,0,cake
250,100,208,450,200,25.5,0,0,0,cake
400,11,215,200,68,0,0,1,0,cake
140,120,104,225,51,9,0,0,0,cake
300,225,104,250,0,6,0,3,0,cake
250,150,0,450,0,6,0,0,150,cake
400,225,208,225,0,1.5,0,6,0,cake
220,75,104,250,68,13.5,0,3,0,cake
75,92,104,75,0,4.5,0,0,0,cake
300,220,156,500,175,0,120,6,0,cake
200,150,104,250,0,9,0,3,0,cake
400,225,156,250,0,7.5,0,6,0,cake
455,102,156,175,34,0,0,0,0,cake
175,175,156,175,0,0,0,0,0,cake
165,100,104,225,80,0,0,0,0,cake
268,175,104,200,0,0,0,0,0,cake
240,240,208,150,0,0,0,0,19,cake
265,200,35,370,320,24,0,0,0,cake
200,225,0,180,0,6,250,0,0,cake
360,0,156,240,0,6,0,0,0,cake
320,417,52,300,0,6,0,3,0,cake
400,240,156,375,0,7.5,0,6,0,cake
170,170,156,170,0,6,51,0,0,cake
125,125,104,125,34,0,0,0,0,cake
100,110,52,310,100,6,0,0,200,cake
150,100,52,300,120,16,0,1,0,cake
110,102,52,225,250,17,0,1,0,cake
600,325,260,325,250,0,0,1.5,0,cake
75,175,156,150,0,6,34,0,0,cake
300,450,416,450,68,6,0,6,0,cake
200,340,208,250,0,0,0,1.5,0,cake
60,60,52,250,0,6,0,0,90,cake
235,120,104,225,0,0,75,6,0,cake
200,0,312,110,0,0,0,0,0,cake
250,250,260,500,51,24,0,0,0,cake
340,80,104,225,0,1.5,0,0,0,cake
675,525,156,300,68,0,0,0,0,cake
330,90,104,150,125,9,0,1.5,0,cake
100,200,208,175,120,21,0,0,0,cake
253,198,52,113,77,0,0,0,0,cake
400,250,156,375,0,6,0,6,0,cake
400,355,104,250,0,6,250,0,0,cake
625,285,156,500,0,13.5,0,0,0,cake
125,125,104,275,0,6,0,0,250,cake
325,225,208,225,0,6,0,0,0,cake
100,60,0,255,225,18,0,3,0,cake
100,125,52,300,0,9,250,3,0,cake
900,620,416,450,0,0,0,0,0,cake
300,175,156,310,160,9,0,3,0,cake
400,475,312,450,0,34,0,9,0,cake
400,300,156,375,0,6,0,6,0,cake
200,0,156,125,340,6,0,1,0,cake
525,450,416,500,120,0,0,0,0,cake
150,125,104,200,300,0,0,0,0,cake
310,0,0,250,0,6,250,1,0,cake
200,110,156,60,0,0,0,1.5,0,cake
200,175,104,250,0,12,0,6,0,cake
110,175,0,225,0,0,0,0,0,cake
300,225,156,250,125,3,0,0.75,0,cake
175,175,52,175,0,0,0,0,0,cake
536,150,156,375,0,12,475,3,0,cake
220,17,52,200,0,7.5,0,6,0,cake
450,310,104,280,97,12,0,0,0,cake
100,100,104,160,160,7.5,0,0,0,cake
168,50,104,220,0,3,0,1.5,0,cake
150,225,208,300,0,0,0,0,0,cake
440,369,156,175,0,0,0,1,0,cake
100,218,0,125,125,0,0,0,0,cake
100,110,52,300,0,9,250,3,0,cake
270,150,156,250,0,2,0,0,17,cake
110,68,52,200,0,12,0,6,0,cake
68,68,52,205,250,12,0,3,0,cake
600,250,260,250,125,9,60,0,0,cake
400,225,208,250,397,0,0,0,0,cake
350,68,0,250,68,18,0,0,0,cake
300,150,38,100,0,0,0,0,0,cake
175,175,156,200,110,6,0,0,0,cake
175,175,156,125,0,6,0,0,0,cake
200,0,208,125,0,6,0,4.5,0,cake
200,115,104,200,0,7.5,0,1.5,0,cake
85,51,52,155,110,15,0,1.5,34,cake
300,435,104,285,0,6,0,3,0,cake
170,500,156,450,0,6,0,1.5,0,cake
160,120,104,230,34,9,0,0,0,cake
200,115,52,220,100,0,0,0,0,cake
100,100,156,150,0,6,0,0,0,cake
300,120,104,100,0,1.5,0,1.5,0,cake
120,50,156,200,0,6,0,0,0,cake
250,225,156,225,0,9,0,1.5,0,cake
300,68,0,300,240,6,0,6,0,cake
150,100,104,165,120,6,0,0,0,cake
405,30,0,250,250,0,0,0,0,cake
400,200,104,180,120,12,0,1,34,cake
80,100,260,200,0,12,0,0,0,cake
200,200,208,200,0,0,0,0,0,cake
320,150,52,250,180,0,0,0,0,cake
120,120,52,225,6,0,0,0,0,cake
500,485,104,250,0,6,0,0,0,cake
250,200,208,300,0,12,0,0,0,cake
300,225,156,275,180,17,0,0,0,cake
170,170,156,170,0,3,0,0,0,cake
290,255,52,250,267,12,0,1,0,cake
200,120,52,250,120,6,0,0,0,cake
225,225,208,225,0,1,0,0,0,cake
420,127,208,145,0,6,0,1.5,0,cake
450,541,156,1000,127,6,85,3,500,cake
350,175,156,200,150,12,0,3,0,cake
300,150,208,150,0,6,0,1,0,cake
175,175,156,200,0,12,0,1,0,cake
200,175,156,65,0,0,0,1,0,cake
265,120,104,125,0,6,0,0,17,cake
150,300,52,300,0,6,0,0,0,cake
150,267,52,321,0,12,0,1.5,0,cake
825,647,178,440,75,13.5,0,4.5,0,cake
600,1225,208,625,0,30,0,12,0,cake
318,225,156,250,0,13.5,0,3,0,cake
300,0,104,68,0,0,125,1,0,cake
600,370,240,375,235,18,68,4,0,cake
135,115,104,190,120,3,0,3,85,cake
250,250,156,55,0,6,0,0,0,cake
200,200,260,250,0,0,0,0,0,cake
175,250,52,125,0,6,0,0,0,cake
350,200,312,500,0,30,0,0,0,cake
150,175,104,250,0,6,0,0.75,0,cake
650,450,156,350,0,18,0,0,0,cake
400,175,156,250,250,0,0,0,0,cake
375,350,208,250,0,18,0,3,0,cake
275,200,156,200,0,0,0,0,0,cake
150,150,156,125,100,12,0,0,0,cake
250,125,156,175,0,9,0,0,0,cake
250,150,156,310,0,19.5,0,3,0,cake
375,60,156,100,0,6,0,3,0,cake
150,150,156,150,0,0,0,0,0,cake
275,125,104,175,125,0,0,0,0,cake
380,210,104,280,0,6,0,0,0,cake
200,100,0,250,0,6,0,3,0,cake
200,0,312,175,0,0,0,0,0,cake
200,30,52,190,68,12,0,0,0,cake
227,420,416,68,180,3,0,0,0,cake
50,250,260,125,0,0,0,0,0,cake
68,305,104,220,0,6,0,1,0,cake
668,575,208,375,85,12,0,6,0,cake
775,322,104,250,188,6,250,0,0,cake
200,200,156,170,100,1.5,125,0,0,cake
110,110,104,90,17,9,0,0,0,cake
450,65,156,260,399,21,0,0,0,cake
50,0,32,235,0,17,0,3,60,cake
90,100,208,50,0,0,0,0,0,cake
175,175,156,150,0,0,0,0,0,cake
680,225,0,250,0,12,125,1,0,cake
200,175,104,250,0,12,0,6,0,cake
220,110,104,110,0,12,0,0,0,cake
150,345,104,250,0,6,0,0,0,cake
790,585,104,280,0,6,0,6,0,cake
400,225,208,225,0,3,0,3,0,cake
255,200,208,255,0,0,0,1,0,cake
170,110,104,225,0,0,0,0,0,cake
150,17,52,260,240,0,0,0,0,cake
400,0,156,150,0,0,0,0,0,cake
650,275,156,200,85,12,0,1.5,0,cake
110,110,52,150,250,17,0,3,0,cake
150,100,104,100,0,0,0,0,34,cake
150,15,0,250,0,6,250,0,0,cake
300,120,104,220,0,6,80,1.5,0,cake
400,240,208,90,0,0,0,1,0,cake
200,120,104,125,0,0,0,0,0,cake
200,120,104,250,240,15,0,0,0,cake
200,175,156,175,110,6,0,0,0,cake
300,75,104,250,0,12,0,1,0,cake
225,225,156,275,0,6,0,0,0,cake
400,225,364,125,0,0,0,0,0,cake
100,75,74,200,0,3,0,0,0,cake
300,120,104,200,120,6,0,1.5,0,cake
265,165,104,115,0,0,0,0,0,cake
110,50,52,250,68,34,68,0,0,cake
100,80,52,250,180,18,0,3,0,cake
65,80,52,100,0,6,0,1,17,cake
251,51,208,51,0,0,0,3,0,cake
85,0,0,225,0,3,0,0,85,cake
60,50,74,50,0,0,0,0,0,cake
135,90,52,225,0,3,0,0,0,cake
100,100,104,100,0,0,0,0,0,cake
160,34,104,125,0,3,0,0,0,cake
660,300,156,250,0,24,0,0,0,cake
110,0,52,225,0,0,0,0,0,cake
200,475,104,200,0,12,0,0,0,cake
300,160,208,420,0,24,0,0,0,cake
170,170,156,170,0,0,0,0,0,cake
100,160,52,125,0,6,0,0,0,cake
725,575,104,200,0,9,0,7,0,cake
100,150,104,150,0,6,0,0,68,cake
225,0,52,150,0,0,0,0,0,cake
60,100,52,175,100,6,0,0,0,cake
200,34,104,60,0,0,0,0,0,cake
300,175,34,452,250,24,0,4.5,0,cake
400,250,156,375,0,6,0,6,0,cake
400,225,208,550,0,29,0,12,0,cake
400,350,104,225,0,18,0,6,0,cake
200,225,156,375,0,18,0,3,0,cake
200,520,104,200,120,10.5,0,0,0,cake
180,200,312,250,0,0,0,1,0,cake
220,310,52,250,0,18,0,0,0,cake
200,225,104,375,0,0,0,0,0,cake
500,100,67,288,75,15,34,0,0,cake
225,110,104,175,0,0,0,0,0,cake
480,430,156,180,85,6,0,0,0,cake
51,0,156,51,0,0,0,0,0,cake
388,225,260,250,0,6,0,3,0,cake
850,230,0,170,217,3,0,1.5,0,cake
165,178,104,250,0,13.5,0,3,0,cake
125,180,156,150,80,0,0,0,0,cake
110,110,52,225,337,0,0,1,0,cake
450,300,104,200,34,6,0,0,34,cake
400,120,104,250,250,18,0,0,0,cake
468,250,156,375,0,9,0,6,0,cake
68,120,74,280,240,18,0,1,0,cake
100,115,52,200,0,4.5,125,4.5,175,cake
300,180,74,210,0,9,0,3,0,cake
400,225,156,125,0,0,0,0,0,cake
150,150,104,150,34,0,0,0,0,cake
525,225,208,375,0,15,0,1.5,0,cake
375,290,156,200,51,9,0,0,0,cake
480,340,208,200,34,0,0,0,0,cake
400,225,156,375,0,7.5,0,6,0,cake
225,225,156,225,200,0,0,0,0,cake
120,110,208,125,0,0,250,1.5,0,cake
250,225,35,175,0,0,0,0,0,cake
650,85,0,200,120,9,475,3,0,cake
520,0,104,250,34,12,0,0,0,cake
110,110,156,110,0,6,0,0,0,cake
350,115,156,325,175,15,0,4.5,0,cake
500,250,208,375,0,15,0,6,0,cake
200,85,148,250,125,12,0,0,0,cake
250,180,74,210,0,9,0,3,0,cake
140,0,52,120,250,12,0,3,0,cake
300,250,104,375,0,12,0,4.5,0,cake
330,190,104,225,34,9,0,3,0,cake
380,170,260,400,0,20,0,1.5,0,cake
250,125,104,175,85,0,0,0,0,cake
200,110,104,255,0,12,250,6,0,cake
150,168,104,250,0,6,0,3,0,cake
170,100,148,68,0,0,0,0,0,cake
130,125,156,150,0,9,0,1,34,cake
1000,1000,468,575,60,0,0,0,0,cake
250,225,104,440,0,7.5,0,0,0,cake
220,0,52,110,68,0,150,0,0,cake
420,285,104,365,0,21,0,3,0,cake
300,225,104,250,0,6,0,0,0,cake
450,252,156,170,0,18,0,4.5,0,cake
700,438,104,500,68,6,235,0,0,cake
240,80,0,350,0,12,235,0,0,cake
200,200,208,200,85,0,0,0,0,cake
235,50,208,240,0,12,51,0,0,cake
450,225,156,375,0,12,0,1,0,cake
150,51,52,240,0,12,240,1.5,0,cake
400,250,260,350,0,12,250,0,0,cake
275,200,156,85,100,0,0,0,0,cake
600,259,208,250,175,17,0,0,0,cake
210,115,104,190,34,12,0,0,0,cake
320,50,156,85,0,0,0,0,0,cake
315,250,156,110,0,0,0,0,0,cake
151,70,52,250,180,12,0,1,0,cake
225,225,156,225,0,9,0,1.5,0,cake
425,250,156,300,0,6,0,1.5,0,cake
341,190,104,115,17,9,6,0,8.5,cake
420,225,208,380,0,12,0,1.5,0,cake
110,110,104,225,0,0,0,1,12,cake
200,115,52,125,0,6,0,1.5,0,cake
200,0,104,215,60,0,0,1,0,cake
250,100,104,251,0,0,0,0,0,cake
300,300,312,565,0,9,0,0,0,cake
470,240,208,140,280.5,12,0,1,0,cake
250,265,104,190,0,6,0,1.5,0,cake
200,125,104,100,0,0,34,1.5,0,cake
150,0,104,225,0,17,0,3,0,cake
400,250,208,250,0,18,0,3,0,cake
425,165,156,60,17,0,0,0,18,cake
400,200,156,170,0,1.5,0,1,0,cake
298,320,52,200,34,3,0,0,0,cake
285,75,52,200,0,6,250,3.75,0,cake
200,114,52,250,0,12,0,4.5,0,cake
300,185,104,200,0,15,0,1.5,0,cake
225,225,208,225,0,0,0,0,0,cake
700,718,312,200,0,0,0,0,0,cake
520,165,156,310,0,6,425,3,0,cake
200,120,35,80,0,0,17,1,0,cake
150,50,312,100,0,0,0,0,0,cake
525,200,156,375,0,12,0,6,0,cake
220,125,104,190,0,3,0,3,0,cake
200,194,83,200,125,6,0,0,0,cake
640,340,260,375,250,3,0,0,0,cake
150,125,104,250,0,6,0,0,0,cake
250,0,34,375,250,24,0,9,0,cake
170,300,52,225,0,0,0,0,0,cake
110,110,104,110,0,6,0,0,0,cake
250,259,156,310,535,15,0,0,0,cake
110,85,52,250,225,6,0,1,0,cake
200,115,104,190,120,6,0,1.5,0,cake
68,51,104,68,51,2,0,0,0,cake
175,125,104,225,125,9,0,0,0,cake
400,280,104,165,0,3,0,1.5,0,cake
370,34,0,125,125,12,415,1.5,0,cake
1000,180,178,275,0,12,250,3,0,cake
500,240,260,150,0,0,0,0,0,cake
120,120,260,220,0,12,0,6,0,cake
100,100,52,140,150,6,0,0,51,cake
200,75,104,200,100,9,0,1,0,cake
75,110,104,275,225,24,0,0,0,cake
140,85,104,225,0,4.5,0,0,0,cake
365,220,104,250,0,24,475,0,0,cake
490,320,208,240,25,0,0,0,0,cake
110,125,104,450,250,0,0,0,0,cake
210,175,208,490,250,18,0,0,100,cake
110,110,104,200,0,0,0,0,0,cake
420,120,156,375,0,15,0,6,0,cake
68,51,52,68,51,0,0,0,0,cake
750,455,104,300,0,6,0,6,0,cake
200,125,0,250,34,12,0,0,0,cake
110,110,104,140,0,6,0,0,0,cake
175,75,156,175,0,0,0,0,0,cake
480,532,156,120,51,6,0,0,0,cake
235,150,156,150,0,0,30,0,0,cake
368,175,156,315,0,12,0,0,0,cake
400,620,104,585,0,24,0,6,0,cake
600,225,260,200,0,0,0,0,0,cake
175,175,156,225,34,6,0,0,0,cake
200,125,104,225,0,13.5,0,3,0,cake
200,125,156,220,200,6,0,0,0,cake
300,225,208,348,0,9,0,0.75,0,cake
75,150,156,525,0,6,0,0,0,cake
600,350,208,140,0,6,0,0,0,cake
175,175,156,175,0,0,0,0,0,cake
400,225,208,375,0,12,0,0,0,cake
275,225,156,375,0,15,0,1.5,180,cake
425,365,208,575,0,0,0,0,0,cake
700,250,260,165,200,0,0,6,0,cake
250,100,104,100,0,3,0,0,17,cake
175,175,156,260,34,6,0,0,0,cake
150,75,104,175,100,15,0,0,0,cake
1125,50,104,250,180,6,0,0,0,cake
125,180,104,190,0,3,0,1.5,0,cake
400,475,36,250,0,6,0,6,0,cake
130,70,34,51,0,1,0,0,0,cake
225,150,52,300,0,0,0,0,0,cake
620,175,208,375,0,15,0,3,0,cake
300,175,104,150,150,9,0,0,0,cake
275,250,156,200,0,6,0,6,0,cake
200,450,52,125,125,3,0,1,0,cake
200,125,260,200,0,1,125,0,0,cake
125,75,52,260,175,18,0,0,0,cake
150,252,52,150,0,3,0,0,0,cake
600,0,312,340,12,0,0,0,0,cake
280,170,104,170,0,0,0,0,0,cake
300,30,208,68,175,0,0,0,0,cake
350,180,104,300,250,6,0,0,0,cake
400,120,104,250,0,6,0,9,0,cake
85,100,104,300,250,6,0,0,0,cake
500,325,260,435,250,3,0,0,0,cake
318,250,208,250,125,12,0,0,0,cake
200,150,104,175,0,3,250,0,0,cake
175,175,156,220,0,6,0,0,0,cake
400,354,208,250,750,6,0,0,0,cake
200,110,156,125,0,0,0,0,0,cake
200,250,208,300,0,0,0,0,425,cake
270,175,430,136,250,0,200,0,0,cake
240,240,208,240,0,0,0,0,0,cake
520,250,208,375,0,9,0,6,0,cake
400,0,34,180,0,0,0,1.5,0,cake
150,100,104,290,0,12,0,0.25,240,cake
110,80,52,300,0,6,0,1,0,cake
200,34,0,250,0,12,350,3,0,cake
160,180,52,300,0,9,235,3,415,cake
251,120,104,200,120,0,0,0,0,cake
250,155,104,125,119,12,102,0,0,cake
400,225,156,280,0,3,0,3,0,cake
158,180,144,125,0,0,0,0,0,cake
75,150,52,450,150,6,0,0,50,cake
430,250,208,315,0,12,550,0,0,cake
650,345,208,400,250,17,0,0,0,cake
150,285,104,250,0,0,0,0,0,cake
600,175,208,500,0,12,120,6,0,cake
225,200,156,225,0,3,0,0,0,cake
180,120,104,180,300,6,0,0,0,cake
130,150,156,180,0,6,0,1,68,cake
200,125,104,250,68,0,0,0,0,cake
150,170,104,70,240,0,0,0,34,cake
180,200,208,150,100,6,0,0,0,cake
110,0,208,110,0,0,0,0,0,cake
200,0,156,125,0,6,0,0,0,cake
200,100,156,200,0,6,0,6,0,cake
331,110,104,400,0,6,0,1,0,cake
225,125,156,175,34,6,0,0,0,cake
170,225,22,225,0,0,0,0,0,cake
500,270,312,225,0,6,0,0,51,cake
100,85,52,193,350,12,0,1,0,cake
175,68,104,225,0,6,0,0,0,cake
400,375,104,225,250,18,0,6,0,cake
875,1080,104,250,0,6,0,0,0,cake
125,150,104,200,101,12,0,0,0,cake
280,170,156,170,0,6,0,0,0,cake
250,120,104,475,0,0,0,0,0,cake
100,100,104,100,0,6,0,0,0,cake
395,225,208,280,68,12,0,0,0,cake
350,0,86,450,0,18,160,12,0,cake
68,102,104,250,102,6,0,0,0,cake
300,110,104,250,0,12,0,0,0,cake
350,260,52,250,200,6,0,0,12,cake
200,150,156,320,0,0,0,0,0,cake
368,34,52,250,300,15,0,1.5,0,cake
425,388,156,120,0,6,0,0,0,cake
115,60,0,300,300,6,0,0,0,cake
400,110,104,250,125,9,250,3,0,cake
110,34,416,340,0,24,0,3,0,cake
425,275,104,100,17,9,0,1,0,cake
200,240,208,400,0,6,0,0,0,cake
200,120,0,250,0,6,200,3,0,cake
350,175,156,250,0,30,0,1.5,0,cake
100,150,156,100,0,0,0,0,0,cake
55,25,52,165,0,6,0,0,0,cake
200,200,208,200,0,6,0,0,0,cake
100,150,104,250,0,18,0,6,0,cake
610,325,208,250,17,12,0,3,0,cake
75,100,104,180,0,0,0,0,0,cake
370,255,156,155,0,0,0,0,0,cake
340,255,156,170,0,6,0,0,0,cake
345,170,156,170,0,6,0,0,0,cake
375,30,156,100,0,6,0,3,0,cake
100,55,52,250,0,18,0,3,0,cake
170,170,156,170,0,3,0,0,0,cake
100,100,52,200,125,0,0,0,0,cake
110,110,104,110,0,6,0,0,0,cake
110,110,104,225,0,3,0,0,0,cake
170,50,52,225,0,9,0,1,0,cake
284,0,52,284,284,0,0,0,0,cake
50,50,52,50,0,0,0,0,0,cake
400,575,156,250,120,15,0,3,0,cake
125,51,208,310,0,21,0,3,0,cake
300,200,156,250,0,6,0,3,0,cake
220,55,104,280,0,12,0,6,432,cake
500,10,208,60,0,12,0,3,0,cake
600,225,208,190,0,0,0,6,0,cake
155,15,0,250,0,6,250,0,0,cake
100,110,156,125,0,3,0,0,0,cake
850,335,208,250,0,9,0,3,0,cake
400,200,0,375,0,6,475,0,0,cake
620,250,208,440,0,12,150,12,0,cake
340,340,104,680,140,6,0,0,0,cake
325,275,156,175,0,6,0,0,0,cake
180,180,156,180,0,0,0,0,0,cake
450,200,104,150,0,3,0,1.5,0,cake
115,115,104,250,0,6,0,1,0,cake
400,250,156,375,0,12,0,6,0,cake
820,225,312,420,250,0,0,0,0,cake
600,825,104,500,0,12,0,0,0,cake
250,250,312,100,450,0,0,0,0,cake
600,750,312,375,0,6,0,3,0,cake
350,250,156,250,0,12,0,0,0,cake
294,150,156,175,0,6,0,0,0,cake
200,125,156,150,75,6,0,0,0,cake
368,374,156,250,0,9,0,0,0,cake
200,240,156,300,0,0,0,0,0,cake
150,301,52,250,200,12,0,0,0,cake
200,200,208,200,0,0,0,0,0,cake
600,620,104,250,68,12,0,0,0,cake
250,115,156,200,160,10.5,0,3,0,cake
550,227,156,250,125,18,0,3,0,cake
80,50,52,100,100,1.5,0,0,0,cake
100,100,156,150,0,6,0,0,0,cake
150,150,156,300,0,12,0,0,0,cake
175,125,104,225,0,0,0,1,0,cake
200,225,104,310,0,9,0,3,0,cake
140,110,104,250,0,6,0,0,0,cake
100,265,104,280,300,21,0,6,0,cake
250,250,260,500,51,12,0,0,0,cake
300,225,156,200,0,3,0,0,0,cake
745,505,104,245,175,6,0,3,0,cake
135,145,52,125,68,3,0,0,0,cake
160,345,52,125,0,12,0,3,0,cake
200,200,260,250,0,0,0,0,0,cake
600,325,156,375,250,0,0,0,0,cake
200,125,104,60,0,1.5,0,1.5,0,cake
625,225,208,200,0,21,775.5,0,0,cake
400,350,208,250,0,12,0,6,0,cake
200,80,208,350,0,12,0,1,0,cake
650,370,104,165,0,9,0,0,0,cake
51,51,52,51,85,0,0,0,0,cake
400,225,122,425,250,12,0,0,0,cake
700,275,191,325,0,1.5,0,1.5,0,cake
430,230,208,275,68,6,0,1,0,cake
600,365,0,375,150,18,475,6,0,cake
200,245,104,225,0,3,0,0,0,cake
350,355,104,310,0,6,0,0,0,cake
260,144,104,250,0,12,0,0,0,cake
400,0,104,60,0,0,0,1.5,0,cake
250,200,156,150,0,3,0,0,0,cake
200,150,52,200,120,9,0,3,0,cake
200,175,208,250,0,3,250,3,0,cake
575,175,104,240,220,9,0,1.5,0,cake
575,250,0,440,150,12,0,6,0,cake
100,75,52,150,125,6,0,1.5,0,cake
260,250,156,280,0,23,0,6,0,cake
180,180,156,180,0,6,0,0,0,cake
330,355,156,250,68,13.5,0,6,0,cake
110,85,104,225,360,17,0,0.75,0,cake
375,250,208,500,0,0,0,0,0,cake
340,325,104,280,0,18,0,1,0,cake
450,150,104,250,0,7.5,0,6,0,cake
270,140,156,200,34,9,0,0,0,cake
275,110,52,250,68,9,0,3,0,cake
110,34,0,225,150,3,0,0,0,cake
175,175,104,175,0,0,0,0,0,cake
268,75,104,200,120,6,0,3,0,cake
125,61,208,100,0,6,0,1,0,cake
275,225,208,225,0,6,0,0,0,cake
175,234,156,150,0,6,0,0,0,cake
340,340,312,340,0,0,0,0,17,cake
180,170,156,110,0,17,0,0,0,cake
110,85,156,250,0,0,0,1,0,cake
200,225,104,125,0,3,0,1.5,0,cake
250,110,52,335,120,12,0,3,0,cake
110,75,104,250,0,18,0,3,0,cake
450,255,156,290,0,18,0,6,60,cake
110,250,208,250,0,29,475,6,0,cake
200,200,208,200,34,6,0,0,0,cake
200,200,156,200,200,0,0,0,0,cake
800,350,312,600,0,18,0,9,0,cake
100,51,104,315,0,12,0,0,0,cake
165,59,104,240,0,6,0,0,0,cake
545,184,230,225,0,15,0,1.5,0,cake
150,100,156,140,0,0,0,0,0,cake
660,110,312,200,0,0,0,0,0,cake
300,276,52,150,125,9,51,4,0,cake
785,195,208,450,0,21,0,3,0,cake
100,100,52,225,85,0,0,1,0,cake
250,100,52,250,200,12,0,0,0,cake
225,120,156,150,125,12,0,0,0,cake
670,60,0,250,0,12,250,0,0,cake
150,125,104,175,0,15,0,3,0,cake
150,110,52,250,225,12,0,1.5,0,cake
236,200,104,136,0,6,0,0,0,cake
850,460,104,250,85,6,250,0,0,cake
330,250,260,250,0,12,0,0,0,cake
320,132,52,250,75,6,350,0,0,cake
170,170,156,170,0,6,0,0,0,cake
200,0,104,170,400,6,0,0,0,cake
450,450,208,950,400,0,0,0,0,cake
280,110,104,110,0,0,0,0,0,cake
150,340,104,200,0,12,0,3,0,cake
110,170,156,225,0,0,0,1,0,cake
125,150,208,225,0,6,0,0,0,cake
600,450,416,375,0,0,0,0,0,cake
400,230,104,250,0,12,250,6,0,cake
200,80,52,125,75,17,0,0,0,cake
400,225,208,375,0,6,0,3,0,cake
110,17,104,253,0,6,0,3,0,cake
51,51,52,68,51,0,0,0,0,cake
300,100,76,250,200,17,0,0,0,cake
200,100,52,200,0,3,0,0,0,cake
110,110,104,110,0,0,0,0,0,cake
400,150,104,250,175,12,0,0.75,0,cake
360,251,104,60,0,6,0,0,0,cake
380,110,52,240,150,6,0,1,0,cake
200,125,104,250,0,12,0,3,0,cake
200,335,52,200,0,6,0,1,0,cake
325,220,156,350,270,12,0,6,0,cake
175,225,260,70,0,0,0,0,0,cake
225,225,208,160,0,6,0,0,425,cake
150,60,104,200,0,7.5,60,1.5,0,cake
115,115,104,115,0,1.5,0,0,0,cake
300,110,0,160,34,6,225,3,30,cake
340,340,312,450,0,0,0,1,0,cake
68,25.5,0,68,0,1,59.5,1,0,cake
100,100,104,100,0,1.5,0,0,0,cake
300,376,104,225,250,18,0,6,0,cake
400,178,104,250,0,12,0,1.5,0,cake
225,0,0,100,0,34,0,0,0,cake
218,100,104,100,125,0,218,0,51,cake
180,250,208,175,0,3,0,0,0,cake
260,367,52,310,0,12,0,3,0,cake
300,150,104,250,150,12,0,6,0,cake
675,415,126,250,0,12,0,3,0,cake
300,100,156,300,100,17,0,0,0,cake
143,50,52,100,90,12,0,0,0,cake
140,0,0,140,140,0,0,0,0,cake
250,110,0,250,120,12,0,0.75,0,cake
200,0,0,375,300,0,0,0,34,cake
150,150,104,225,0,0,0,0,0,cake
100,0,104,100,0,0,0,0,0,cake
100,150,52,250,0,17,0,3,0,cake
196,145,156,285,0,15,0,0,0,cake
525,225,0,440,160,12,0,6,0,cake
250,0,156,70,0,6,0,0,0,cake
395,315,208,225,0,0,0,0,0,cake
200,200,208,200,0,0,0,0,0,cake
275,160,52,318,175,12,0,3,0,cake
560,115,104,250,140,12,0,2,432,cake
100,80,104,60,0,0,0,0,0,cake
180,125,312,220,0,30,160,0,0,cake
525,160,33,250,284,17,34,6,0,cake
375,250,156,225,0,0,0,0,0,cake
184,30,52,125,6,4.5,0,1,0,cake
150,160,208,200,0,17,0,1,0,cake
110,110,104,110,0,0,0,0,0,cake
153,75,52,150,0,7.5,125,0,0,cake
218,50,156,102,17,0,0,0,0,cake
400,250,208,250,0,18,0,3,0,cake
400,225,208,375,235,34,0,0,0,cake
225,225,52,450,0,0,0,1,125,cake
325,784,104,275,34,18,0,1.5,0,cake
475,285,208,225,17,6,0,0,0,cake
300,225,104,100,20,0,0,0,0,cake
75,120,52,250,180,18,0,3,0,cake
600,30,156,500,1000,0,0,1,0,cake
450,170,104,200,136,0,85,3,0,cake
200,300,416,250,800,6,0,6,0,cake
285,135,52,150,209,9,0,3,0,cake
175,250,312,375,250,24,0,0,0,cake
150,50,104,250,250,12,0,3,0,cake
68,50,52,280,350,12,0,1,80,cake
500,0,312,600,0,18,0,9,0,cake
150,150,104,150,0,6,0,0,0,cake
110,110,104,225,0,0,0,0,0,cake
150,68,104,250,225,12,0,1.5,0,cake
300,150,156,290,175,16.5,0,0,0,cake
300,395,104,250,110,12,0,6,0,cake
100,300,52,280,0,18,0,3,0,cake
200,235,156,375,0,18.5,0,6,0,cake
495,80,0,280,300,6,0,0,51,cake
450,225,208,450,68,0,34,0,325,cake
261,125,136,125,34,0,0,0,0,cake
200,30,104,250,398,17,0,1,0,cake
300,245,156,350,130,12,0,0,0,cake
275,175,104,100,0,1.5,0,0,0,cake
200,125,104,185,34,3,0,0,0,cake
700,170,208,375,0,0,0,0,0,cake
200,200,208,200,34,6,0,0,0,cake
400,490,104,280,0,15,0,1.5,0,cake
595,50,0,250,0,12,250,0,0,cake
200,60,52,250,0,12,0,0,0,cake
200,102,0,200,0,6,250,3,0,cake
250,125,52,150,175,9,0,1.5,0,cake
750,360,208,250,9,51,0,1.5,0,cake
410,250,344,730,180,0,0,6,0,cake
125,125,104,125,17,0,0,0,0,cake
325,210,208,100,0,6,17,1,0,cake
225,225,52,335,284,6,0,0,0,cake
250,267,260,250,51,9,0,0,0,cake
200,250,208,250,0,12,0,3,119,cake
100,68,52,200,120,12,0,3,0,cake
303,144,52,150,51,3,0,0,0,cake
306,306,260,306,0,0,0,0,0,cake
250,250,208,250,0,0,0,0,0,cake
100,100,104,100,0,0,0,0,0,cake
200,250,208,150,0,24,0,0,0,cake
75,0,52,200,0,12,0,0,0,cake
155,250,208,190,0,0,0,0,17,cake
520,220,104,220,0,6,68,1.5,0,cake
787,295,364,140,150,0,0,0,0,cake
300,110,208,68,0,0,0,1,0,cake
375,300,104,225,0,0,0,0,0,cake
150,0,260,50,85,0,0,0,0,cake
225,0,52,225,0,12,0,0,0,cake
250,200,156,100,0,0,17,0,0,cake
110,110,104,225,0,3,0,0,0,cake
380,120,0,375,0,18,0,6,0,cake
100,115,104,235,68,7.5,0,0,0,cake
275,165,0,275,300,6,119,3,51,cake
380,250,312,280,1,30,160,0,0,cake
125,100,104,500,0,24,0,1,250,cake
400,250,312,425,0,6,0,1.5,0,cake
250,100,104,100,0,0,0,0,0,cake
60,70,22,125,0,0,0,0,34,cake
400,250,208,375,0,17,0,0,0,cake
200,125,104,185,34,3,0,0,0,cake
100,100,104,100,17,6,0,0,0,cake
200,90,0,250,0,3,250,1,0,cake
185,250,52,200,0,6,0,4.5,0,cake
120,120,104,120,0,0,0,0,68,cake
250,150,208,85,100,0,0,1.5,0,cake
800,318,104,250,0,6,0,0,0,cake
120,0,208,100,0,0,0,0,0,cake
351,175,104,375,0,18,0,4.5,0,cake
600,450,312,500,250,17,0,0,0,cake
240,115,104,250,0,12,17,3,0,cake
600,225,312,375,0,0,0,0,0,cake
400,250,104,275,0,17,0,0,0,cake
240,0,156,68,0,6,0,1,0,cake
500,250,156,310,0,6,0,1.5,0,cake
350,100,312,284,34,0,0,0,0,cake
225,450,468,500,0,21,0,0,0,cake
125,225,156,150,0,6,0,0,0,cake
268,60,104,125,193,6,0,0,0,cake
200,15,0,51,0,0,250,1,0,cake
550,193,0,250,68,9,0,6,0,cake
280,0,260,180,0,0,0,0,0,cake
75,125,208,50,0,0,0,0,0,cake
175,175,156,175,0,0,0,0,0,cake
200,110,104,250,0,6,0,0,0,cake
400,225,208,225,0,3,0,3,0,cake
85,115,104,225,34,0,0,1,0,cake
230,230,208,230,75,0,0,0,0,cake
200,118,52,285,120,15,0,1,0,cake
200,234,156,243,0,6,12,0,34,cake
400,350,156,375,0,6,0,6,0,cake
110,110,104,110,0,6,0,0,0,cake
90,95,104,250,0,0,30,0,0,cake
275,250,208,250,0,30,0,0,0,cake
240,270,156,270,25.5,0,0,0,0,cake
125,75,52,125,150,0,0,0,0,cake
880,460,156,250,0,12,0,9,0,cake
125,125,104,100,34,6,0,0,0,cake
180,180,0,340,150,6,150,3,0,cake
280,240,156,140,0,0,0,0,0,cake
375,34,0,125,120,12,400,1.5,0,cake
190,90,0,250,0,12,0,0,0,cake
180,180,156,180,0,6,0,0,0,cake
228,150,104,318,0,0,0,0,0,cake
150,34,52,175,34,12,0,0,0,cake
325,210,52,250,250,12,0,0,0,cake
490,300,208,300,0,12,0,3,0,cake
100,68,52,125,120,9,0,1,0,cake
200,120,52,250,0,6,0,3,0,cake
410,175,156,375,0,24,0,0,0,cake
450,260,156,200,0,0,0,0,0,cake
200,0,52,225,0,0,0,0,0,cake
400,45,156,100,475,0,0,0,0,cake
150,110,104,200,120,18,0,1,68,cake
150,100,66,50,500,0,0,0,0,cake
400,225,208,500,0,6,0,6,0,cake
300,200,52,375,0,9,0,1.5,0,cake
115,115,104,115,34,0,0,0,0,cake
225,110,104,225,0,6,0,0,0,cake
300,110,156,250,0,12,0,1.5,0,cake
60,60,52,60,0,6,0,0,0,cake
110,80,104,225,0,12,0,0,0,cake
125,50,52,250,100,24,0,0,0,cake
400,475,260,250,0,17,0,6,0,cake
380,300,156,250,120,6,0,3,0,cake
100,230,0,550,0,0,0,0,0,cake
180,115,104,125,0,6,0,1,0,cake
220,280,156,110,18,9,0,0,30,cake
400,250,208,250,0,18,0,3,0,cake
150,34,52,175,34,12,0,0,0,cake
300,125,156,200,0,1,0,0,0,cake
100,110,52,195,0,6,0,3,0,cake
350,390,52,200,0,12,0,3,0,cake
200,110,104,200,0,6,150,0,0,cake
175,0,156,50,50,0,0,0,0,cake
51,0,0,68,51,1.5,0,0,0,cake
190,250,312,100,0,0,0,0,0,cake
400,475,416,440,0,12,34,6,0,cake
300,590,0,375,0,9,0,0,0,cake
125,110,104,200,0,15,0,0,0,cake
200,175,0,340,0,9,75,6,0,cake
70,120,104,180,0,7.5,0,3,175,cake
350,137,0,250,0,0,250,6,0,cake
110,55,104,250,0,6,0,1.5,0,cake
250,250,208,310,0,0,0,0,0,cake
300,180,312,100,0,0,0,0,0,cake
100,402.5,104,200,0,9,0,6,0,cake
235,140,104,270,0,6,0,1.5,0,cake
250,250,260,250,0,0,0,0,0,cake
210,130,104,125,0,0,0,1.5,0,cake
850,560,260,250,0,6,0,0,0,cake
220,125,260,250,0,12,0,6,175,cake
300,17,104,250,0,0,0,0,34,cake
75,125,52,250,0,17,0,6,0,cake
205,61,208,100,0,0,0,0,0,cake
125,125,104,125,0,12,0,0,0,cake
200,200,104,200,0,0,0,0,0,cake
400,225,208,375,250,18,0,1,0,cake
468,375,260,375,250,3,0,0,0,cake
210,250,156,375,0,9,0,3,0,cake
300,250,260,200,0,0,0,0,0,cake
60,150,0,100,50,0,0,1,0,cake
210,290,104,225,0,7.5,0,3,0,cake
150,150,156,80,0,3,0,0,0,cake
200,100,208,250,500,6,0,0,0,cake
325,250,208,250,0,0,34,0,0,cake
170,115,104,170,0,6.5,0,3,0,cake
300,225,104,350,0,12,0,0,0,cake
350,298,52,270,0,0,0,2,42.5,cake
525,345,208,220,41,12,0,0,0,cake
270,115,83,350,300,0,0,0,0,cake
100,125,104,130,0,0,0,1,0,cake
175,175,156,220,0,6,0,0,0,cake
100,250,52,210,0,6,0,3,0,cake
250,200,312,300,0,12,0,2,0,cake
508,380,52,318,0,6,0,3,0,cake
176,176,99,76.5,0,0,0,1,0,cake
50,0,52,450,0,6,0,0,0,cake
960,150,97,375,375,17,0,0,0,cake
225,125,0,60,250,9,0,0,0,cake
400,240,156,250,0,17,0,1,0,cake
125,100,52,100,0,0,0,0,0,cake
490,225,208,375,235,0,0,3,0,cake
690,300,104,175,217,17,0,3,0,cake
220,75,0,200,250,6,0,6,0,cake
200,75,104,125,125,0,0,0,0,cake
200,0,0,500,0,12,0,3,0,cake
200,50,52,200,0,9,0,0,0,cake
125,125,104,125,0,0,0,0,0,cake
650,335,208,310,0,6,0,0,0,cake
200,110,52,250,250,12,0,6,0,cake
225,170,104,200,0,6,350,1.5,0,cake
150,140,104,110,0,9,0,0,0,cake
70,0,32,200,85,12,34,0,34,cake
100,75,52,250,0,18,0,3,0,cake
400,300,208,175,0,0,0,0,0,cake
195,85,52,110,59.5,1.5,0,0,0,cake
600,275,156,440,17,3,0,3,0,cake
320,220,156,280,0,6,0,0,0,cake
110,178,104,225,0,18,0,1.5,0,cake
130,110,104,225,0,1.5,0,0,0,cake
200,0,156,250,0,12,0,0,350,cake
200,0,83,200,0,3.75,34,1.5,0,cake
300,275,156,200,0,0,0,0,75,cake
150,250,0,210,370,12,0,1,0,cake
250,80,104,300,120,18,0,3,0,cake
110,110,104,110,51,0,0,0,0,cake
50,100,52,150,200,18,0,0,0,cake
250,75,104,190,125,6,0,6,0,cake
810,200,104,200,0,7.5,0,3,0,cake
588,550,104,280,0,6,0,3,0,cake
900,680,52,655,0,2.25,0,2.25,0,cake
110,68,104,340,0,24,0,3,0,cake
400,80,208,500,0,0,0,0,0,cake
450,300,208,275,46,12,0,0,0,cake
275,175,104,100,0,0,0,0,0,cake
200,75,52,200,0,6,0,3,0,cake
550,300,0,375,0,12,480,2,0,cake
115,115,104,250,0,6,0,0,0,cake
80,40,52,150,100,0,0,0,0,cake
325,235,52,110,120,9,0,1,0,cake
300,211,156,200,220,6,0,1,50,cake
220,90,0,170,0,6,0,0,0,cake
150,275,52,210,0,6,0,3,0,cake
170,170,156,170,0,0,0,0,0,cake
680,560,156,280,17,0,0,0,0,cake
130,255,156,200,360,6,17,0,0,cake
350,170,208,150,0,6,0,1.5,0,cake
284,17,156,284,142,12,0,1,0,cake
265,75,104,250,0,9,75,4.5,0,cake
100,100,104,250,0,6,0,0,0,cake
300,120,142,320,0,17,0,6,0,cake
400,500,416,340,2,36,0,6,0,cake
150,110,104,200,0,3,0,1,0,cake
350,200,208,220,0,0,3,0,0,cake
470,275,104,375,0,12,0,6,0,cake
210,35,104,135,0,6,0,0,0,cake
110,50,104,175,0,6,0,0,0,cake
200,68,312,70,0,0,0,3,0,cake
285,75,52,200,0,6,250,3.75,0,cake
350,250,156,150,18,6,0,0,0,cake
279,160,104,160,17,3,0,0,0,cake
450,700,208,350,0,15,0,3,0,cake
250,100,104,100,0,0,0,0,0,cake
284,0,0,284,284,0,0,0,0,cake
400,225,312,350,0,1.5,0,1.5,0,cake
300,225,208,400,250,17,0,0.75,0,cake
650,340,214,400,235,17,120,4.5,0,cake
300,100,260,300,0,9,0,0,0,cake
170,55,0,85,0,12,184,1,0,cake
325,410,104,280,0,6,0,3,0,cake
900,445,104,250,102,6,250,3,0,cake
310,110,0,125,125,0,350,0,0,cake
250,115,52,310,0,9,250,4.5,300,cake
200,68,312,68,0,0,0,0.75,0,cake
100,0,0,330,250,24,0,1,0,cake
300,168,104,250,0,7.5,0,3,0,cake
200,70,0,200,0,6,0,3,0,cake
180,320,416,130,0,6,0,1,0,cake
280,125,104,560,150,12,0,0,0,cake
120,80,156,150,0,6,0,0,0,cake
850,700,260,310,0,6,0,0,0,cake
400,0,0,375,0,12,475,6,0,cake
150,0,32,200,0,10.5,0,0.75,0,cake
620,110,104,250,0,12,0,0,0,cake
110,110,104,110,0,6,0,0,0,cake
100,0,0,180,125,0,0,2.25,0,cake
85,110,52,190,0,6,125,3,119,cake
300,125,104,250,0,15,0,0,0,cake
60,230,104,250,0,12,0,3,0,cake
200,50,52,200,0,6,0,0,0,cake
110,0,52,225,0,0,0,0,0,cake
375,180,0,375,0,12,500,6,0,cake
150,68,0,370,0,23,250,0,0,cake
421,170,52,428,70,12,0,1,0,cake
200,110,104,200,0,12,0,3,0,cake
175,175,156,200,110,3,0,0,0,cake
85,68,52,225,250,17,0,3,0,cake
200,250,208,450,0,12,0,0,0,cake
720,481,104,190,51,6,250,0,0,cake
400,150,156,375,0,15,0,6,0,cake
240,520,156,300,0,9,0,1,0,cake
285,140,52,275,80,12,0,3,0,cake
425,365,156,250,434,0,0,0,0,cake
115,60,0,180,0,3,0,0,0,cake
170,85,104,200,0,1.5,0,3,0,cake
300,200,86,300,0,0,0,2,0,cake
300,350,104,310,0,12,0,3,0,cake
565,340,208,240,120,12,60,6,0,cake
80,60,104,115,0,0,0,0,0,cake
110,110,104,110,0,6,0,0,0,cake
900,475,156,375,51,12,0,6,0,cake
375,242,156,250,150,17,75,4.5,0,cake
410,255,104,250,0,17,0,1.5,0,cake
102,77,52,125,68,9,17,1,0,cake
250,200,52,300,0,0,0,0,0,cake
100,300,52,210,0,6,0,1,34,cake
250,125,208,125,0,12,0,0,425,cake
100,125,104,175,0,15,0,3,0,cake
400,250,208,190,0,0,0,3,0,cake
400,250,312,375,0,1.5,0,1.5,0,cake
225,115,104,170,0,0,0,0,0,cake
110,110,104,110,0,0,0,0,0,cake
170,170,208,170,0,6,0,0,0,cake
150,201,52,150,200,12,0,0,0,cake
400,225,208,375,0,18,0,6,0,cake
250,118,52,335,120,12,0,3,0,cake
500,225,208,375,250,0,475,0,0,cake
56,56,104,113,0,0,42.5,0,0,cake
325,205,52,310,220,12,0,3,0,cake
250,100,52,250,200,12,0,0,0,cake
600,225,312,375,0,1.5,0,3,0,cake
250,50,312,300,0,18,0,1.5,0,cake
200,125,104,250,0,18,0,0,0,cake
180,0,156,150,500,0,0,0,0,cake
450,310,208,125,0,0,0,3,0,cake
850,635,156,375,0,9,0,1.5,0,cake
75,75,52,200,125,12,0,3,0,cake
450,201,104,185,175,3,0,1,0,cake
215,220,156,300,0,0,0,0,0,cake
400,220,156,375,225,18,0,6,0,cake
300,1,168,220,0,0,0,3,0,cake
125,125,156,125,0,0,0,0,0,cake
275,150,208,525,0,12,0,6,0,cake
300,150,104,280,0,4.5,350,6,0,cake
440,90,52,120,120,9,0,1.5,0,cake
375,205,156,435,0,25.5,0,1.5,0,cake
220,110,104,250,0,9,0,3,0,cake
340,340,312,340,0,0,0,0,51,cake
275,12,0,250,0,12,320,1,0,cake
110,110,104,110,51,0,0,0,0,cake
100,75,104,250,0,0,0,0,0,cake
320,225,52,250,0,0,0,1,0,cake
126,30,104,175,150,6,0,0.75,0,cake
150,150,156,225,0,6,0,0,0,cake
550,30,0,250,225,12,325,3,0,cake
400,225,0,500,0,12,475,6,0,cake
265,0,274,191,500,0,0,0,410,cake
300,60,208,68,180,0,0,0,0,cake
300,30,242,50,0,1,0,0,0,cake
210,130,104,250,0,6,0,6,0,cake
200,120,104,100,0,0,0,0,0,cake
250,210,208,340,0,0,0,0,0,cake
51,214,52,270,0,18,0,0,0,cake
85,110,104,110,0,3,0,0,0,cake
70,100,52,100,0,0,0,3,0,cake
425,405,156,375,60,6,0,7,0,cake
225,225,156,225,0,0,0,0,0,cake
300,300,312,600,0,0,0,0,0,cake
425,175,104,325,200,9,0,0,175,cake
250,335,104,280,0,6,0,6,0,cake
150,240,52,250,0,18,0,3,0,cake
200,230,104,190,0,9,0,6,0,cake
150,150,156,225,0,18,0,0,0,cake
225,0,156,51,200,3,0,0,0,cake
340,140,104,250,94,7.5,0,1.5,17,cake
200,150,0,125,180,12,0,1.5,0,cake
400,250,0,375,0,12,475,3,0,cake
455,315,156,175,51,0,0,0,0,cake
120,120,104,225,0,6,34,0,0,cake
300,110,104,225,350,9,0,6,0,cake
300,200.5,156,200,34,8.5,0,3,0,cake
150,150,156,150,0,0,0,0,0,cake
170,24,0,130,240,12,0,0,0,cake
400,125,104,120,34,0,0,0,0,cake
325,231,104,250,0,12,0,0,0,cake
200,200,208,250,0,12,0,0,0,cake
550,280,208,300,125,15,175,6,0,cake
600,90,52,318,175,18,600,6,0,cake
690,340,208,250,0,18,0,6,0,cake
310,175,208,400,250,18,0,0,0,cake
600,360,99,417,500,15,0,0,0,cake
475,325,416,210,0,0,0,0,0,cake
400,355,156,375,0,6,0,6,0,cake
300,170,156,125,200,0,0,0,0,cake
200,85,0,200,0,6,250,3,0,cake
68,60,52,125,175,15,0,3,0,cake
200,115,52,125,0,3,0,0,0,cake
900,420,156,125,34,0,0,0,0,cake
68,225,32,100,0,6,0,0,0,cake
200,150,104,250,0,6,0,6,0,cake
225,34,156,125,681,6,0,3,0,cake
500,350,312,200,0,0,0,3,100,cake
220,80,104,275,250,9,0,1.5,0,cake
200,110,99,125,80,9,0,1.5,0,cake
200,125,104,60,0,1.5,0,1.5,0,cake
100,120,104,180,0,10.5,0,3,0,cake
101,101,0,325,51,7.5,0,1,0,cake
300,175,156,190,0,6,0,1.5,0,cake
250,0,36,240,110,12,0,0,0,cake
125,125,104,175,0,0,0,0,0,cake
100,68,52,200,0,9,0,1.5,0,cake
150,90,104,125,0,0,0,0,0,cake
1275,1050,260,475,0,9,0,6,0,cake
150,150,104,200,0,6,0,0,0,cake
150,115,156,190,0,12,0,3,0,cake
400,355,208,250,0,21,0,9,0,cake
400,360,104,250,0,18,0,3,0,cake
300,370,104,250,0,9,0,6,0,cake
330,180,104,150,150,3,50,1.5,0,cake
251,220,122,375,0,6,0,0,0,cake
105,17,31,100,34,6,0,1.5,0,cake
125,100,230,50,0,0,0,0,0,cake
450,300,208,300,0,15,0,0,0,cake
400,225,208,310,250,0,0,0,0,cake
100,85,104,250,0,12,0,0,0,cake
250,250,208,250,68,0,0,1,0,cake
400,400,364,450,50,0,0,0,0,cake
250,250,260,300,0,12,0,0,0,cake
150,34,52,250,0,12,0,4.5,0,cake
550,550,208,375,0,12,0,1.5,0,cake
225,225,208,285,0,12,0,0,0,cake
50,340,208,125,0,6,0,1,0,cake
200,225,208,250,0,6,0,0,0,cake
375,275,208,100,0,0,0,0,0,cake
400,350,104,220,0,13,0,6,0,cake
345,200,0,300,150,15,0,0,0,cake
300,115,104,125,0,0,0,0,0,cake
660,570,312,460,440,6,0,1,85,cake
51,175,104,175,175,6,0,0,0,cake
100,100,104,250,100,6,0,1,0,cake
119,110,52,125,0,3,0,1.5,0,cake
100,120,122,60,0,0,0,0,0,cake
110,110,104,140,0,0,17,1,0,cake
100,293,52,160,0,12,0,3,0,cake
150,110,104,200,0,0,0,0,0,cake
120,120,104,120,0,6,0,0,0,cake
800,225,312,375,0,1.5,250,3,0,cake
170,220,104,216,0,12,350,1.5,0,cake
310,365,208,225,0,12,34,0,0,cake
600,340,312,430,0,0,0,0,0,cake
220,220,156,220,34,0,0,0,0,cake
600,675,208,375,0,6,0,1,0,cake
100,110,52,200,0,6,0,3,0,cake
400,225,208,60,0,0,0,3,0,cake
500,245,186,250,0,18,68,6,0,cake
51,51,52,68,51,6,0,0,0,cake
370,180,104,310,0,12,0,3,0,cake
600,225,156,375,235,6,0,0,0,cake
860,370,156,400,70,0,375,0,0,cake
340,250,208,325,0,12,0,0,0,cake
350,250,208,175,0,0,0,0,0,cake
300,50,104,318,250,24,0,6,0,cake
110,80,104,300,0,6,0,3,0,cake
135,0,0,250,153,13.5,0,1.5,0,cake
200,80,104,300,180,0,0,3,0,cake
200,75,104,310,120,18,0,6,0,cake
260,235,66,200,60,3,0,0,0,cake
850,335,260,200,0,0,0,0,0,cake
260,288,208,220,0,6,0,0,34,cake
225,225,208,340,0,0,0,0,0,cake
400,175,156,375,0,9,0,4.5,0,cake
100,110,104,350,0,12,0,0,0,cake
160,80,104,100,0,0,0,0,0,cake
300,300,52,375,34,0,0,0,0,cake
625,0,104,375,0,12,0,0,0,cake
450,225,312,318,0,3,0,3,0,cake
375,250,260,255,0,0,0,0,0,cake
300,450,170,320,0,6,0,6,0,cake
251,119,208,51,125,0,0,0,0,cake
550,175,104,250,68,4.5,0,3,0,cake
150,150,156,220,0,9,0,0,0,cake
50,0,52,50,0,1,17,0,0,cake
368,175,156,440,0,18,0,4.5,0,cake
320,425,74,250,0,6,0,3,0,cake
210,80,104,200,125,17,0,0,0,cake
395,225,52,225,117,6,0,0,0,cake
318,110,104,250,68,12,0,3,0,cake
150,68,156,175,0,15,0,0,0,cake
250,250,364,250,0,18,0,0,0,cake
65,75,52,215,125,0,125,3,0,cake
100,110,104,375,250,0,0,0,0,cake
400,425,208,250,0,12,0,0,0,cake
136,175,0,200,0,6,0,0,17,cake
200,100,104,110,0,0,0,0,0,cake
110,110,0,225,0,0,0,0,0,cake
175,100,104,125,0,0,51,0,0,cake
600,825,156,250,0,6,0,6,9,cake
400,250,208,250,0,30,0,1.5,0,cake
65,0,84,250,0,7.5,0,6,250,cake
250,68,84,450,0,9,0,3,0,cake
160,260,104,175,255,0,0,0,34,cake
200,222,104,125,60,4.5,0,0,0,cake
200,60,0,200,0,6,220,1.5,0,cake
51,51,52,68,51,0,0,1,0,cake
220,100,104,215,0,12,0,3,0,cake
125,75,52,250,400,12,0,1,0,cake
150,150,156,150,0,6,0,0,0,cake
680,0,312,340,0,0,102,0,0,cake
300,75,208,280,0,17,0,0,0,cake
400,350,208,275,0,18,0,6,0,cake
115,100,104,115,0,0,0,0,0,cake
225,148,104,240,0,7.5,0,6,0,cake
200,144,52,200,0,7.5,0,6,0,cake
400,225,208,375,250,18,0,3,0,cake
200,200,208,175,0,0,0,0,0,cake
200,200,104,323,250,7.5,0,3,0,cake
165,750,0,375,250,17,0,3,0,cake
525,210,312,420,0,24,0,6,0,cake
880,555,260,250,0,12,0,0,0,cake
400,590,104,250,0,24,0,1,0,cake
100,75,104,310,0,12,0,3,175,cake
150,220,52,225,0,12,0,1,0,cake
420,530,104,305,0,6,0,3,0,cake
295,448,156,120,0,6,0,0,0,cake
110,170,0,170,250,12,0,0,34,cake
250,420,156,350,0,7.5,0,0,0,cake
575,375,208,250,0,18,0,6,0,cake
825,460,156,375,0,6,0,6,0,cake
250,175,208,75,0,6,0,3,0,cake
275,175,156,200,0,6,0,3,0,cake
250,250,260,250,0,0,0,0,0,cake
400,215,208,190,0,6,0,6,0,cake
100,60,52,100,0,3,0,1.5,0,cake
600,320,156,375,0,12,0,6,0,cake
150,150,156,150,0,0,0,0,0,cake
450,375,208,225,35,0,0,0,0,cake
840,460,208,375,0,15,0,6,0,cake
150,80,104,68,0,0,0,1,0,cake
250,225,52,280,0,12,34,1.5,0,cake
110,110,156,175,0,0,0,0,0,cake
115,115,104,115,0,0,0,0,0,cake
59.5,59.5,156,450,102,12,0,0,0,cake
140,0,32,200,0,12,0,1.5,0,cake
185,125,52,180,100,1.5,0,0,0,cake
510,175,156,301,0,0,0,3,0,cake
225,225,208,225,0,6,0,0,0,cake
150,140,104,110,0,9,0,0,0,cake
300,340,156,250,0,9,0,0,0,cake
300,250,156,275,0,3,0,3,0,cake
150,150,104,150,0,0,0,0,0,cake
175,110,104,175,0,9,0,1,0,cake
140,140,156,225,0,0,0,0,0,cake
50,35,52,250,0,0,100,0,0,cake
250,400,104,250,0,0,0,0,0,cake
200,115,104,200,120,10.5,0,0,0,cake
160,175,104,250,0,1.5,0,0,18,cake
370,125,104,225,125,0,0,0,0,cake
200,110,104,250,0,6,0,3,0,cake
300,110,104,250,0,9,0,3,0,cake
600,600,416,600,68,24,0,0,0,cake
825,675,145,250,0,6,0,0,0,cake
110,110,104,225,68,0,0,1,0,cake
450,242,156,175,17,0,200,0,0,cake
185,115,104,200,120,10.5,0,0,0,cake
200,375,52,250,0,12,0,1,0,cake
100,110,104,260,0,13.5,0,6,68,cake
600,235,208,250,0,0,0,3,0,cake
375,375,312,600,200,17,0,0,0,cake
500,220,104,250,252,6,0,3,525,cake
200,225,208,295,0,6,0,0,17,cake
250,200,156,150,0,0,0,0,0,cake
110,0,52,110,55,0,0,0,17,cake
110,110,104,110,0,0,0,0,0,cake
630,178,156,250,0,12,250,3,0,cake
200,110,135,200,34,10.5,0,3,0,cake
70,60,52,90,30,6,0,0,0,cake
900,340,104,250,102,6,250,3,0,cake
370,111,52,125,125,0,0,0,0,cake
768,142,104,125,150.5,0,0,0,0,cake
100,0,156,60,0,1.5,0,0,17,cake
635,160,104,280,180,20,0,3,0,cake
600,450,312,150,0,20,0,0,0,cake
400,340,104,250,0,6,250,0,0,cake
350,175,156,250,300,13.5,0,0,0,cake
350,230,104,310,125,6,0,3,0,cake
290,200,208,85,17,0,0,0,0,cake
51,125,52,125,125,18,0,3,0,cake
200,125,104,250,250,12,0,3,0,cake
400,205,208,345,415,18,0,6,0,cake
875,460,104,250,0,6,0,0,0,cake
175,250,52,125,0,6,0,0,0,cake
600,270,104,250,51,10.5,0,3,0,cake
280,280,260,340,51,0,0,0,0,cake
475,225,208,320,68,12,51,0,88,cake
600,250,208,400,0,12,150,9,0,cake
395,170,156,225,51,9,0,0,4,cake
100,335,52,125,0,12,0,3,0,cake
175,80,52,170,250,0,0,0,0,cake
600,450,312,375,0,1.5,0,3,0,cake
200,350,104,330,0,9,0,6,0,cake
475,260,88,388,752,24,0,6,0,cake
100,630,104,450,0,36,0,1,0,cake
200,0,312,200,0,12,0,0,0,cake
200,0,260,125,0,0,0,0,0,cake
400,100,104,250,235,21,0,0,0,cake
265,120,104,155,0,12,0,6,0,cake
200,200,260,475,0,6,0,0,0,cake
190,150,104,175,80,9,0,0,0,cake
400,250,156,375,0,9,0,6,0,cake
170,90,52,250,260,6,0,3,0,cake
550,225,208,250,0,6,0,0.75,0,cake
80,200,52,350,70,0,0,0,250,cake
150,80,52,200,0,10.5,0,1,0,cake
170,242,156,255,0,6,0,0,0,cake
400,125,104,250,250,18,0,1,0,cake
200,175,0,250,250,6,0,0,51,cake
100,90,104,200,0,6,0,0,0,cake
150,150,156,130,0,0,0,0,0,cake
250,0,168,200,0,3,42.5,0,0,cake
200,200,208,200,0,0,0,0,0,cake
510,293,208,345,0,12,0,3,0,cake
170,0,312,170,0,0,0,0,0,cake
400,225,145,375,0,12,0,3,0,cake
385,425,0,700,500,17,119,0,51,cake
335,235,156,100,0,7.5,0,1,0,cake
200,85,156,100,0,6,0,3,0,cake
150,51,156,68,0,0,0,0,0,cake
450,225,312,310,0,3,0,3,0,cake
100,100,104,140,0,0,0,0,0,cake
200,75,104,200,120,9,0,1,0,cake
300,75,104,200,125,6,0,3,0,cake
100,75,52,125,0,3,0,3,0,cake
225,225,208,300,0,6,0,1.5,0,cake
125,51,52,250,250,12,0,0,0,cake
168,68,52,225,120,6,0,3,0,cake
300,110,104,280,0,15,0,3,0,cake
365,140,104,115,1,0,0,0,0,cake
200,225,208,320,80,12,0,3,0,cake
285,0,208,395,0,0,0,0,0,cake
350,120,104,230,0,12,0,6,0,cake
100,100,104,300,0,6,0,3,0,cake
225,225,260,225,0,12,0,0,0,cake
100,100,104,125,0,0,0,0,0,cake
140,120,52,190,60,0,0,0,0,cake
400,280,156,275,9,6,0,6,0,cake
200,55,52,250,0,0,0,6,0,cake
1650,500,31,785,550,34,0,15,0,cake
85,0,104,250,0,9,0,0,0,cake
68,225,0,450,150,0,0,0,0,cake
355,180,156,255,34,0,0,0,0,cake
75,168,52,225,175,21,0,6,0,cake
296,120,104,400,240,18,240,1.5,0,cake
420,710,208,370,0,9,0,0,0,cake
175,110,104,225,0,0,0,0,0,cake
120,184,52,220,0,6,0,0,0,cake
150,0,0,250,250,0,0,1,68,cake
500,470,156,375,12,6,0,6,0,cake
600,225,312,375,0,1.5,0,3,0,cake
550,335,52,250,17,6,0,3,0,cake
360,220,156,215,0,4.5,0,4,0,cake
260,170,104,100,0,0,0,1.5,0,cake
350,225,36,375,235,17,0,3,0,cake
375,150,208,275,300,15,0,6,0,cake
200,75,104,200,120,9,0,1,0,cake
110,120,104,250,0,6,0,2,0,cake
400,250,156,325,0,24,0,0,150,cake
175,175,156,150,34,17,0,0,0,cake
135,34,104,280,120,17,0,1,0,cake
300,0,52,375,0,0,300,0,0,cake
285,110,156,205,0,3,0,0,0,cake
370,50,52,125,51,6,0,3,0,cake
475,450,416,375,0,0,0,0,0,cake
425,424,52,300,0,6,0,6,0,cake
100,50,0,225,68,12,0,0,0,cake
150,100,104,75,0,0,0,0,0,cake
110,0,104,110,0,0,0,0,0,cake
100,0,260,130,0,3,0,1,0,cake
110,0,104,60,0,0,0,0,0,cake
370,145,104,200,17,6,0,3,0,cake
85,75,32,205,250,15,0,3,0,cake
485,510,104,486,0,12,0,0,0,cake
225,115,104,170,0,0,0,0,0,cake
170,170,156,115,0,0,0,1,0,cake
700,333,156,175,175,9,0,0,0,cake
450,225,104,375,180,12,0,1.5,0,cake
170,120,104,225,0,0,0,1,0,cake
175,175,156,100,0,0,0,0,0,cake
600,250,0,575,0,18,750,3,17,cake
250,120,156,100,0,0,0,1.5,0,cake
100,300,52,150,0,9,0,6,0,cake
150,75,104,450,125,0,0,0,0,cake
200,60,52,200,0,6,0,6,0,cake
130,220,208,220,6,0,0,0,0,cake
168,120,52,345,175,17,0,3,0,cake
250,250,312,250,0,0,0,0,0,cake
250,200,416,200,0,12,0,0,0,cake
128,1,52,200,250,7.5,0,1.5,0,cake
325,259,208,275,68,12,51,0,0,cake
250,175,104,250,0,12,0,3,0,cake
440,500,520,375,150,12,0,0,0,cake
385,450,156,310,0,9,20,3,0,cake
300,70,52,200,125,9,0,3,0,cake
170,170,156,170,85,17,0,0,0,cake
500,340,208,260,0,15,0,3,0,cake
150,110,0,250,0,6,225,1.5,0,cake
600,0,208,440,0,15,68,6,0,cake
150,120,88,220,0,6,0,0,0,cake
300,150,36,350,0,18,0,6,0,cake
225,125,126,150,0,6,0,1,0,cake
875,460,104,250,0,6,0,0,0,cake
135,115,104,225,160,6,0,3,0,cake
200,34,52,250,0,9,0,1.5,0,cake
700,360,156,300,0,13.5,0,6,0,cake
175,110,104,225,100,12,0,0,0,cake
690,175,178,200,175,3,34,3.75,0,cake
150,0,52,68,120,0,0,0,0,cake
375,240,156,250,150,17,75,1,0,cake
250,300,208,250,0,18,0,1,0,cake
275,0,0,140,0,0,0,4.5,0,cake
200,0,312,102,0,0,0,0,0,cake
875,460,156,375,0,6,0,6,0,cake
220,220,156,220,0,0,0,0,0,cake
200,200,104,350,370,6,0,0,0,cake
125,125,104,125,34,0,0,0,0,cake
200,200,156,200,0,12,0,0,0,cake
525,115,0,200,175,18,400,1.5,0,cake
200,68,104,68,0,0,0,0,0,cake
175,125,104,225,0,6,0,1,0,cake
225,225,208,280,0,12,0,0,0,cake
191,40,52,120,125,0,0,0,0,cake
200,120,104,60,0,0.75,0,0.75,0,cake
480,270,156,160,136,0,0,0,0,cake
400,225,104,500,0,12,0,0,0,cake
505,365,208,225,0,0,0,0,0,cake
400,285,52,250,0,25.5,120,0,0,cake
110,110,104,225,150,0,0,1,0,cake
495,340,312,350,0,6,0,0,0,cake
200,100,156,125,0,3,0,0,0,cake
450,230,52,150,0,3,0,1,0,cake
600,250,208,450,0,12,150,9,0,cake
50,68,0,100,0,9,0,0,34,cake
390,0,104,225,0,0,0,0,0,cake
300,175,44,225,175,12,0,3,0,cake
418,350,312,350,0,34,0,0,0,cake
300,200,156,250,0,6,51,3,0,cake
360,225,260,375,0,6,34,0,0,cake
325,170,104,200,125,10.5,0,12,0,cake
200,110,104,125,125,3,0,0,0,cake
400,225,104,250,0,3,250,0,0,cake
300,225,208,318,0,18,0,3,0,cake
725,276.5,0,250,300,18,0,0,0,cake
450,50,104,318,0,6,0,3,0,cake
225,225,208,225,0,9,0,0,0,cake
287,50,104,250,12,9,0,1.5,0,cake
555,290,44,200,0,9,0,3,0,cake
300,175,156,100,0,3,0,3,0,cake
1500,340,416,1000,1000,68,0,6,0,cake
300,225,208,425,0,12,0,3,0,cake
268,115,104,225,0,6,0,9,0,cake
100,34,52,125,125,3,0,0,0,cake
335,110,104,110,0,0,45,0,0,cake
200,102,52,220,0,10.5,0,3,0,cake
685,120,156,333,240,13.5,0,4.5,425,cake
400,0,260,60,0,30,0,1,0,cake
250,100,33,275,235,17,0,4.5,0,cake
700,225,156,250,0,37,0,0,0,cake
250,310,0,275,300,18,0,6,0,cake
225,75,52,525,0,15,0,3,0,cake
275,150,156,280,0,10.5,300,1.5,0,cake
200,175,156,225,0,6,0,0,0,cake
200,120,104,200,120,0,0,1.5,0,cake
275,110,104,60,0,0,0,1,0,cake
365,525,200,220,0,21,0,0,0,cake
325,240,156,375,0,0,0,6,120,cake
260,105,104,200,0,12,0,1.5,0,cake
400,178,156,310,68,24,0,6,0,cake
575,435,208,300,0,0,0,0,0,cake
500,390,312,540,75,0,0,0,0,cake
100,100,104,100,0,6,0,0,0,cake
400,0,260,190,0,6,0,0,0,cake
350,350,312,200,0,0,0,0,0,cake
225,120,104,140,0,12,0,3,0,cake
510,515,233,335,0,6,0,0.75,350,cake
350,310,34,260,150,9,0,0.75,0,cake
75,17,52,240,0,12,0,0,17,cake
175,125,104,225,0,0,0,1,0,cake
100,200,104,200,0,0,0,0,34,cake
300,110,104,310,0,15,0,0,0,cake
102,113,364,100,0,0,0,0,0,cake
180,112,104,168,0,0,0,0,0,cake
300,110,0,375,0,18,0,0,0,cake
410,115,104,250,125,6,0,6,0,cake
300,225,260,250,0,0,6,3,0,cake
400,250,208,500,0,0,0,1,0,cake
200,100,156,370,250,17,0,1,0,cake
260,160,104,110,0,3,0,0,0,cake
285,75,52,200,0,6,250,3.75,0,cake
125,75,0,70,0,0,12,0,0,cake
440,425,208,125,0,0,0,3,450,cake
400,110,104,280,68,9,250,1.5,0,cake
400,250,156,375,0,13.5,0,6,0,cake
100,250,104,300,0,6,0,0,0,cake
400,450,312,750,0,12,0,3,0,cake
460,350,260,250,0,9,0,0,0,cake
675,465,208,250,0,12,0,6,0,cake
575,450,208,256,0,6,0,1,0,cake
300,110,104,250,0,9,0,3,0,cake
75,75,52,225,215,0,0,0,0,cake
200,225,104,280,0,9,0,0,0,cake
1500,575,260,450,460,3,0,3,0,cake
200,90,208,60,0,3,0,0,0,cake
150,120,52,245,0,12,0,3,0,cake
675,250,208,585,0,17,0,9,0,cake
200,240,156,200,130,0,0,0,0,cake
425,300,208,225,17,17,0,0,0,cake
200,75,104,310,175,11.5,0,1,0,cake
505,505,260,250,0,12,0,0,0,cake
195,110,104,276,120,18,0,0,0,cake
125,50,208,110,0,0,0,0,0,cake
100,100,104,150,100,12,0,1,0,cake
250,180,104,120,0,0,0,0,0,cake
325,187,260,100,0,0,0,0,0,cake
600,250,208,450,0,18,150,12,0,cake
350,350,312,375,0,18,0,3,0,cake
112,56,0,196,0,0,0,0,0,cake
175,110,104,175,0,0,0,0,0,cake
110,75,52,225,0,0,0,0,0,cake
125,125,0,200,34,0,0,0,0,cake
400,150,208,400,0,15,0,0,0,cake
875,285,208,200,125,0,0,0,0,cake
110,110,52,225,0,0,150,0,0,cake
225,350,208,250,100,9,34,1.5,0,cake
400,225,208,125,0,0,0,0,0,cake
175,175,156,200,110,3,0,0,0,cake
230,140,104,200,150,6,0,1,0,cake
400,485,104,250,0,6,0,0,0,cake
700,225,104,300,250,12,0,6,0,cake
68,17,52,68,85,0,0,0,0,cake
100,115,52,250,125,12,0,1.5,0,cake
115,127,104,225,0,17,0,0.75,0,cake
150,0,208,120,0,12,0,0,0,cake
300,300,0,700,0,18,0,0,0,cake
300,0,104,250,0,6,0,0,0,cake
450,450,312,400,102,12,0,3,0,cake
325,125,156,225,0,6,0,0,0,cake
125,225,104,125,125,9,0,0,0,cake
775,325,312,375,250,0,0,0,0,cake
150,100,156,200,50,8,0,0,0,cake
250,225,156,150,0,0,24,0,0,cake
250,176,0,150,17,6,0,0,0,cake
800,479,156,180,185,6,0,0,0,cake
200,0,145,125,892,9,0,0,0,cake
450,250,156,350,100,12,0,0,0,cake
100,0,0,370,450,24,0,3,0,cake
100,71,52,250,0,12,0,3,0,cake
60,60,104,120,0,0,0,0,0,cake
200,65,156,250,0,18,0,0,0,cake
85,0,34,250,0,12,0,0,0,cake
200,110,104,250,102,18,0,3,0,cake
150,250,104,90,300,0,0,0,0,cake
650,350,104,375,301,12,250,7,0,cake
400,150,0,375,0,24,475,0,0,cake
280,0,416,280,0,0,0,0,0,cake
550,119,122,465,180,17,0,0,0,cake
500,125,208,300,68,30,0,1,0,cake
300,115,104,140,0,0,0,0,0,cake
200,15,104,200,0,0,0,0,0,cake
265,125,208,450,0,6,0,0,0,cake
300,300,260,350,0,12,0,0,0,cake
225,225,208,225,0,0,0,0,0,cake
750,250,208,250,0,15,0,3,0,cake
175,100,104,250,175,12,0,0,0,cake
140,0,0,110,150,0,0,0,0,cake
175,115,0,250,0,9,250,0.75,0,cake
250,0,32,145,0,0,0,1.5,0,cake
525,170,156,300,125,24,0,6,0,cake
290,140,156,225,0,0,0,0,227,cake
175,175,208,200,0,0,0,0,1,cake
300,150,156,315,0,12,0,0,0,cake
200,150,156,310,0,18,0,3,0,cake
200,250,52,120,0,15,0,0,0,cake
175,150,0,380,300,9,0,3,0,cake
100,0,0,200,225,12,0,6,0,cake
510,212,104,225,0,3,34,3,0,cake
175,200,156,300,0,12,0,0,0,cake
225,150,104,175,0,15,225,0,0,cake
620,268,0,375,68,12,475,6,0,cake
400,400,104,385,0,3,6,1,0,cake
200,110,52,310,110,6,0,0,0,cake
100,100,52,100,0,6,0,0,0,cake
227,227,208,227,0,0,0,0,0,cake
400,675,104,300,0,12,0,3,0,cake
250,250,156,250,85,0,0,0,0,cake
200,110,104,250,0,6,0,6,0,cake
1250,535,364,250,0,17,0,6,0,cake
468,220,52,335,125,12,0,3,0,cake
550,225,208,310,318,12,0,3,0,cake
75,150,104,220,0,10.5,0,3,0,cake
225,200,208,225,0,0,0,0,0,cake
175,150,156,250,151,34,0,0,0,cake
600,340,312,375,0,0,0,0,0,cake
120,50,104,200,0,12,0,0,0,cake
110,110,104,140,0,0,34,0,0,cake
100,0,104,60,0,0,0,0,0,cake
225,0,104,120,0,6,0,1.5,0,cake
600,250,208,375,0,12,150,9,0,cake
400,225,208,425,0,13.5,0,6,0,cake
476,34,208,200,0,6,0,0,0,cake
100,75,156,250,0,17,0,3,0,cake
170,0,260,119,0,0,85,0,0,cake
505,0,208,225,1,0,0,0,0,cake
110,0,104,170,0,0,68,0,0,cake
600,0,208,415,0,12,150,6,0,cake
60,0,52,360,240,0,0,0,68,cake
410,250,156,450,0,23,0,3,250,cake
200,110,52,250,0,12,0,4.5,0,cake
285,184,104,375,0,23,0,4.5,0,cake
300,75,104,200,120,13.5,180,1.5,0,cake
300,50,156,51,0,0,0,0,0,cake
400,350,156,375,0,6,0,6,0,cake
210,100,104,250,262,6,0,1,0,cake
400,0,312,500,170,17,350,0,0,cake
225,225,208,175,0,12,0,1,0,cake
165,115,104,250,0,6,0,6,0,cake
175,0,156,175,0,0,0,0,0,cake
250,250,208,225,187,0,0,0,0,cake
325,225,208,250,0,25.5,0,0,0,cake
100,80,52,250,180,6,0,3,17,cake
580,335,208,375,0,18,0,3,0,cake
150,50,104,150,120,6,0,0,0,cake
485,141,104,90,0,0,0,0,0,cake
200,125,0,125,0,3,0,3,0,cake
150,150,156,150,17,0,0,0,0,cake
250,250,156,300,0,36,0,0,0,cake
260,300,208,300,0,0,0,0,0,cake
170,110,104,225,0,9,0,0,0,cake
250,120,156,275,0,6,0,2,0,cake
100,50,52,150,0,6,0,0,0,cake
225,150,126,75,0,0,0,1,0,cake
85,102,104,375,375,17,0,0,0,cake
250,140,156,200,100,9,0,0,0,cake
100,0,52,200,60,9,0,1,0,cake
125,75,76,175,0,0,0,0,0,cake
125,125,104,300,150,6,0,0,0,cake
140,170,156,170,0,0,0,0,34,cake
600,235,208,440,0,12,160,0,0,cake
125,110,104,125,0,3,0,0,0,cake
200,0,312,250,0,6,0,0,230,cake
120,100,156,300,0,6,0,0,0,cake
250,0,208,335,250,24,0,6,0,cake
140,115,104,115,17,0,0,0,0,cake
300,150,208,125,0,0,0,0,0,cake
55,50,52,115,75,9,0,0,0,cake
425,325,208,225,0,15,0,0,0,cake
110,110,104,110,0,0,0,0,0,cake
150,50,104,200,0,7.5,68,3,0,cake
285,150,156,95,0,3,0,3,0,cake
315,225,104,225,0,6,0,0,0,cake
175,175,156,220,0,6,0,0,0,cake
200,125,208,500,125,6,0,0,350,cake
75,225,52,175,0,9,0,0,0,cake
150,140,104,110,0,9,0,0,0,cake
150,200,104,250,0,18,0,3,0,cake
600,1650,208,625,0,30,0,9,0,cake
60,125,312,250,0,0,0,0,230,cake
105,115,52,200,0,9,0,0,0,cake
455,350,156,150,0,0,0,0,0,cake
395,295,208,220,0,2,0,0,0,cake
250,250,208,500,125,30,0,0,0,cake
150,110,76,125,0,0,0,1,0,cake
900,230,104,250,318,18,0,6,0,cake
600,50,156,250,51,15,0,1,0,cake
140,180,156,150,80,0,0,0,0,cake
375,200,240,100,0,0,50,0,0,cake
279,160,104,160,51,3,0,0,0,cake
150,60,52,300,125,12,0,0,150,cake
700,163,104,280,205,0,0,0,6,cake
340,185,52,260,0,6,0,0,25.5,cake
450,0,0,375,0,6,475,6,0,cake
275,0,156,175,0,6,0,0,0,cake
50,100,156,300,250,24,0,0,0,cake
850,345,208,400,430,21,0,0,0,cake
125,60,156,125,0,6,0,0,0,cake
850,460,208,250,0,0,0,0,0,cake
100,75,52,250,175,18,0,3,0,cake
200,85,0,200,0,6,225,3,0,cake
125,150,104,100,85,0,0,0,0,cake
175,110,104,110,0,0,0,0,0,cake
450,250,156,375,0,7.5,0,6,0,cake
350,150,52,220,100,12,0,0,0,cake
250,262,208,250,0,24,0,0,0,cake
150,17,104,225,85,9,0,3,0,cake
170,170,156,250,17,0,0,0,0,cake
210,17,104,220,180,17,0,0,0,cake
100,50,0,200,200,8.5,0,1,0,cake
200,305,0,220,0,6,0,0,0,cake
150,115,156,211,0,9,0,0,0,cake
350,400,156,320,0,6,102,2.25,68,cake
75,143,52,175,0,0,0,0,0,cake
150,68,52,250,225,18,0,3,0,cake
110,110,52,225,255,0,0,0,0,cake
395,500,52,250,0,6,0,6,0,cake
200,120,104,250,0,6,0,3,0,cake
100,75,52,210,250,6,0,3,0,cake
395,225,208,370,0,18,0,6,0,cake
200,125,104,125,0,0,0,0,0,cake
293,167,52,300,225,6,0,6,0,cake
75,55,52,110,17,12,0,0,0,cake
75,0,52,125,90,9,0,6,0,cake
450,240,156,375,0,12,0,6,0,cake
400,150,0,375,0,12,475,6,0,cake
300,120,0,220,0,6.75,80,1.5,0,cake
500,225,208,500,0,24,0,0,0,cake
750,160,260,375,284,3,0,3,0,cake
150,150,104,175,0,3,0,0,0,cake
180,1,312,90,0,0,0,1,0,cake
150,1,0,51,0,0,60,1,0,cake
300,68,104,225,0,6,75,4.5,0,cake
85,110,52,170,51,0,0,1,68,cake
100,0,156,85,0,0,0,0,0,cake
200,120,104,250,120,6,0,1,0,cake
140,120,52,190,60,0,0,0,0,cake
155,185,52,375,125,0,0,3,0,cake
400,475,260,375,0,6,0,1.5,0,cake
210,110,44,100,0,0,0,0,0,cake
225,225,104,225,0,6,0,0,0,cake
75,100,104,200,85,0,0,0,0,cake
110,110,104,175,0,1.5,0,0,34,cake
300,450,208,375,475,27,0,0,0,cake
590,110,104,250,0,12,0,0,0,cake
150,0,38,300,0,16,0,0,0,cake
175,120,312,225,0,6,0,0,0,cake
100,100,156,150,0,6,0,0,0,cake
150,30,52,150,200,6,0,3,0,cake
370,230,104,125,0,0,0,0,0,cake
170,170,156,170,0,0,0,0,0,cake
200,150,104,100,0,0,0,0,0,cake
685,310,156,280,0,23,0,6,0,cake
810,200,104,200,0,7.5,3,3,0,cake
68,125,52,136,34,0.75,0,1.5,0,cake
550,275,208,250,0,24,0,6,17,cake
300,110,104,285,0,6,120,3,0,cake
153,100,52,125,125,0,0,1.5,0,cake
425,300,156,175,0,0,0,0,0,cake
230,0,38,120,0,0,0,1,0,cake
200,200,208,250,0,0,0,0,0,cake
330,171,104,370,240,9,0,1.5,0,cake
310,385,52,310,0,12,0,1.5,0,cake
200,208,104,250,0,6,0,6,0,cake
400,350,208,250,0,21,0,6,0,cake
260,0,400,240,600,0,0,1,0,cake
185,150,156,275,0,3,0,0,0,cake
515,350,104,250,0,6,0,0,0,cake
200,150,0,125,180,12,0,1.5,0,cake
350,225,156,240,0,18,0,6,0,cake
135,150,156,240,75,17,0,0,0,cake
340,200,208,325,120,24,0,6,0,cake
80,200,0,350,0,0,0,0,250,cake
150,75,260,150,0,0,0,1,0,cake
200,115,104,200,0,6,0,3,0,cake
318,225,156,360,0,15,0,0,0,cake
268,115,104,200,0,6,0,3,0,cake
320,68,156,85,0,6,0,3,0,cake
150,185,156,150,51,6,0,0,0,cake
435,167,52,300,225,6,0,6,0,cake
220,110,104,135,0,6,0,0,0,cake
250,250,208,250,0,0,0,1.5,0,cake
200,200,208,200,0,0,0,0,0,cake
200,120,208,300,0,20,0,3,250,cake
68,8.5,0,68,51,1,0,0,0,cake
350,175,156,125,0,6,0,0,0,cake
285,102,312,85,0,0,0,1.5,0,cake
200,100,104,225,0,3,0,3,0,cake
68,0,52,200,0,23,0,3,0,cake
110,110,104,110,0,3,0,0,0,cake
675,425,156,175,0,0,0,0,0,cake
250,75,104,140,0,0,0,0,0,cake
600,335,260,375,250,3,0,3,0,cake
90,150,0,100,200,3,0,0,0,cake
255,150,104,250,0,7.5,0,6,0,cake
600,225,312,375,0,3,0,0,0,cake
170,170,156,280,0,0,0,0,0,cake
250,250,260,250,0,0,0,0,0,cake
175,0,0,225,85,0,0,0,0,cake
